company,category,date,aum,new_issue,nav_change,holding_sales
__industry__,active_equity,20241231,34267.0,0.0,0.0,0.0
__industry__,active_equity,20250930,41781.0,0.0,0.0,0.0
__industry__,active_equity,20251231,40175.0,1704.0,11102.0,-6898.0
万家,active_equity,20241231,508.0,0.0,0.0,0.0
万家,active_equity,20250930,532.0,0.0,0.0,0.0
万家,active_equity,20251231,496.0,7.0,225.0,-244.0
东方红,active_equity,20241231,725.0,0.0,0.0,0.0
东方红,active_equity,20250930,800.0,0.0,0.0,0.0
东方红,active_equity,20251231,751.0,54.0,226.0,-242.0
东方红资管,active_equity,20241231,751.0,0.0,0.0,0.0
东方红资管,active_equity,20250930,751.0,0.0,0.0,0.0
东方红资管,active_equity,20251231,751.0,0.0,0.0,0.0
中欧,active_equity,20241231,1670.0,0.0,0.0,0.0
中欧,active_equity,20250930,2378.0,0.0,0.0,0.0
中欧,active_equity,20251231,2259.0,98.0,589.0,-97.0
中银,active_equity,20241231,234.0,0.0,0.0,0.0
中银,active_equity,20250930,234.0,0.0,0.0,0.0
中银,active_equity,20251231,234.0,0.0,0.0,0.0
交银施罗德,active_equity,20241231,901.0,0.0,0.0,0.0
交银施罗德,active_equity,20250930,905.0,0.0,0.0,0.0
交银施罗德,active_equity,20251231,818.0,60.0,209.0,-364.0
信达澳亚,active_equity,20241231,351.0,0.0,0.0,0.0
信达澳亚,active_equity,20250930,434.0,0.0,0.0,0.0
信达澳亚,active_equity,20251231,366.0,17.0,130.0,-133.0
兴业,active_equity,20241231,111.0,0.0,0.0,0.0
兴业,active_equity,20250930,111.0,0.0,0.0,0.0
兴业,active_equity,20251231,111.0,0.0,0.0,0.0
兴证全球,active_equity,20241231,1174.0,0.0,0.0,0.0
兴证全球,active_equity,20250930,1333.0,0.0,0.0,0.0
兴证全球,active_equity,20251231,1195.0,6.0,375.0,-360.0
前海开源,active_equity,20241231,472.0,0.0,0.0,0.0
前海开源,active_equity,20250930,529.0,0.0,0.0,0.0
前海开源,active_equity,20251231,482.0,29.0,109.0,-128.0
华商,active_equity,20241231,468.0,0.0,0.0,0.0
华商,active_equity,20250930,622.0,0.0,0.0,0.0
华商,active_equity,20251231,642.0,49.0,309.0,-184.0
华夏,active_equity,20241231,1360.0,0.0,0.0,0.0
华夏,active_equity,20250930,1662.0,0.0,0.0,0.0
华夏,active_equity,20251231,1527.0,17.0,391.0,-241.0
华安,active_equity,20241231,819.0,0.0,0.0,0.0
华安,active_equity,20250930,885.0,0.0,0.0,0.0
华安,active_equity,20251231,828.0,31.0,257.0,-279.0
华宝,active_equity,20241231,320.0,0.0,0.0,0.0
华宝,active_equity,20250930,320.0,0.0,0.0,0.0
华宝,active_equity,20251231,320.0,0.0,0.0,0.0
华泰柏瑞,active_equity,20241231,272.0,0.0,0.0,0.0
华泰柏瑞,active_equity,20250930,335.0,0.0,0.0,0.0
华泰柏瑞,active_equity,20251231,348.0,15.0,76.0,-15.0
南方,active_equity,20241231,1083.0,0.0,0.0,0.0
南方,active_equity,20250930,1175.0,0.0,0.0,0.0
南方,active_equity,20251231,1088.0,24.0,334.0,-354.0
博时,active_equity,20241231,641.0,0.0,0.0,0.0
博时,active_equity,20250930,732.0,0.0,0.0,0.0
博时,active_equity,20251231,658.0,5.0,226.0,-211.0
嘉实,active_equity,20241231,1387.0,0.0,0.0,0.0
嘉实,active_equity,20250930,1484.0,0.0,0.0,0.0
嘉实,active_equity,20251231,1398.0,43.0,361.0,-369.0
国寿安保,active_equity,20241231,57.0,0.0,0.0,0.0
国寿安保,active_equity,20250930,57.0,0.0,0.0,0.0
国寿安保,active_equity,20251231,57.0,0.0,0.0,0.0
国泰,active_equity,20241231,324.0,0.0,0.0,0.0
国泰,active_equity,20250930,436.0,0.0,0.0,0.0
国泰,active_equity,20251231,376.0,31.0,111.0,-88.0
大成,active_equity,20241231,762.0,0.0,0.0,0.0
大成,active_equity,20250930,938.0,0.0,0.0,0.0
大成,active_equity,20251231,922.0,68.0,186.0,-94.0
天弘,active_equity,20241231,144.0,0.0,0.0,0.0
天弘,active_equity,20250930,144.0,0.0,0.0,0.0
天弘,active_equity,20251231,144.0,0.0,0.0,0.0
富国,active_equity,20241231,1674.0,0.0,0.0,0.0
富国,active_equity,20250930,2123.0,0.0,0.0,0.0
富国,active_equity,20251231,2025.0,109.0,598.0,-348.0
工银瑞信,active_equity,20241231,971.0,0.0,0.0,0.0
工银瑞信,active_equity,20250930,1155.0,0.0,0.0,0.0
工银瑞信,active_equity,20251231,1071.0,13.0,253.0,-165.0
平安,active_equity,20241231,171.0,0.0,0.0,0.0
平安,active_equity,20250930,355.0,0.0,0.0,0.0
平安,active_equity,20251231,364.0,82.0,77.0,34.0
广发,active_equity,20241231,1868.0,0.0,0.0,0.0
广发,active_equity,20250930,2179.0,0.0,0.0,0.0
广发,active_equity,20251231,2166.0,102.0,509.0,-314.0
建信,active_equity,20241231,290.0,0.0,0.0,0.0
建信,active_equity,20250930,290.0,0.0,0.0,0.0
建信,active_equity,20251231,290.0,0.0,0.0,0.0
招商,active_equity,20241231,603.0,0.0,0.0,0.0
招商,active_equity,20250930,660.0,0.0,0.0,0.0
招商,active_equity,20251231,610.0,70.0,159.0,-221.0
摩根,active_equity,20241231,373.0,0.0,0.0,0.0
摩根,active_equity,20250930,514.0,0.0,0.0,0.0
摩根,active_equity,20251231,523.0,29.0,210.0,-90.0
易方达,active_equity,20241231,2531.0,0.0,0.0,0.0
易方达,active_equity,20250930,2977.0,0.0,0.0,0.0
易方达,active_equity,20251231,2913.0,120.0,993.0,-709.0
景顺长城,active_equity,20241231,1421.0,0.0,0.0,0.0
景顺长城,active_equity,20250930,1557.0,0.0,0.0,0.0
景顺长城,active_equity,20251231,1425.0,42.0,321.0,-340.0
永赢,active_equity,20241231,168.0,0.0,0.0,0.0
永赢,active_equity,20250930,935.0,0.0,0.0,0.0
永赢,active_equity,20251231,1143.0,34.0,97.0,844.0
汇添富,active_equity,20241231,1453.0,0.0,0.0,0.0
汇添富,active_equity,20250930,1795.0,0.0,0.0,0.0
汇添富,active_equity,20251231,1716.0,60.0,505.0,-301.0
海富通,active_equity,20241231,208.0,0.0,0.0,0.0
海富通,active_equity,20250930,208.0,0.0,0.0,0.0
海富通,active_equity,20251231,208.0,0.0,0.0,0.0
睿远,active_equity,20241231,319.0,0.0,0.0,0.0
睿远,active_equity,20250930,449.0,0.0,0.0,0.0
睿远,active_equity,20251231,413.0,0.0,161.0,-67.0
诺安,active_equity,20241231,422.0,0.0,0.0,0.0
诺安,active_equity,20250930,487.0,0.0,0.0,0.0
诺安,active_equity,20251231,465.0,0.0,150.0,-107.0
银华,active_equity,20241231,713.0,0.0,0.0,0.0
银华,active_equity,20250930,776.0,0.0,0.0,0.0
银华,active_equity,20251231,738.0,29.0,186.0,-192.0
鹏华,active_equity,20241231,643.0,0.0,0.0,0.0
鹏华,active_equity,20250930,838.0,0.0,0.0,0.0
鹏华,active_equity,20251231,853.0,57.0,202.0,-47.0
__industry__,fixed_income,20241231,95277.0,0.0,0.0,0.0
__industry__,fixed_income,20250930,89173.0,0.0,0.0,0.0
__industry__,fixed_income,20251231,90027.0,3489.0,1108.0,-9847.0
上银,fixed_income,20241231,1725.0,0.0,0.0,0.0
上银,fixed_income,20250930,1649.0,0.0,0.0,0.0
上银,fixed_income,20251231,1605.0,2.0,12.0,-135.0
东方红资管,fixed_income,20241231,412.0,0.0,0.0,0.0
东方红资管,fixed_income,20250930,412.0,0.0,0.0,0.0
东方红资管,fixed_income,20251231,412.0,0.0,0.0,0.0
中加,fixed_income,20241231,1207.0,0.0,0.0,0.0
中加,fixed_income,20250930,1131.0,0.0,0.0,0.0
中加,fixed_income,20251231,1311.0,60.0,15.0,31.0
中欧,fixed_income,20241231,707.0,0.0,0.0,0.0
中欧,fixed_income,20250930,707.0,0.0,0.0,0.0
中欧,fixed_income,20251231,707.0,0.0,0.0,0.0
中银,fixed_income,20241231,2649.0,0.0,0.0,0.0
中银,fixed_income,20250930,2422.0,0.0,0.0,0.0
中银,fixed_income,20251231,2316.0,0.0,22.0,-355.0
中银证券,fixed_income,20241231,1235.0,0.0,0.0,0.0
中银证券,fixed_income,20250930,1161.0,0.0,0.0,0.0
中银证券,fixed_income,20251231,1140.0,0.0,11.0,-106.0
交银施罗德,fixed_income,20241231,963.0,0.0,0.0,0.0
交银施罗德,fixed_income,20250930,963.0,0.0,0.0,0.0
交银施罗德,fixed_income,20251231,963.0,0.0,0.0,0.0
兴业,fixed_income,20241231,1940.0,0.0,0.0,0.0
兴业,fixed_income,20250930,2029.0,0.0,0.0,0.0
兴业,fixed_income,20251231,2146.0,32.0,20.0,161.0
兴证全球,fixed_income,20241231,1130.0,0.0,0.0,0.0
兴证全球,fixed_income,20250930,1095.0,0.0,0.0,0.0
兴证全球,fixed_income,20251231,1296.0,0.0,20.0,147.0
华夏,fixed_income,20241231,2460.0,0.0,0.0,0.0
华夏,fixed_income,20250930,2351.0,0.0,0.0,0.0
华夏,fixed_income,20251231,2134.0,79.0,22.0,-466.0
华安,fixed_income,20241231,1523.0,0.0,0.0,0.0
华安,fixed_income,20250930,1463.0,0.0,0.0,0.0
华安,fixed_income,20251231,1353.0,113.0,19.0,-302.0
华宝,fixed_income,20241231,262.0,0.0,0.0,0.0
华宝,fixed_income,20250930,262.0,0.0,0.0,0.0
华宝,fixed_income,20251231,262.0,0.0,0.0,0.0
华泰柏瑞,fixed_income,20241231,547.0,0.0,0.0,0.0
华泰柏瑞,fixed_income,20250930,547.0,0.0,0.0,0.0
华泰柏瑞,fixed_income,20251231,547.0,0.0,0.0,0.0
南方,fixed_income,20241231,2336.0,0.0,0.0,0.0
南方,fixed_income,20250930,2467.0,0.0,0.0,0.0
南方,fixed_income,20251231,2218.0,80.0,21.0,-209.0
博时,fixed_income,20241231,3966.0,0.0,0.0,0.0
博时,fixed_income,20250930,3251.0,0.0,0.0,0.0
博时,fixed_income,20251231,2957.0,32.0,35.0,-1038.0
嘉实,fixed_income,20241231,2683.0,0.0,0.0,0.0
嘉实,fixed_income,20250930,2648.0,0.0,0.0,0.0
嘉实,fixed_income,20251231,2859.0,68.0,26.0,52.0
国寿安保,fixed_income,20241231,1587.0,0.0,0.0,0.0
国寿安保,fixed_income,20250930,1489.0,0.0,0.0,0.0
国寿安保,fixed_income,20251231,1416.0,7.0,18.0,-183.0
国泰,fixed_income,20241231,1653.0,0.0,0.0,0.0
国泰,fixed_income,20250930,1744.0,0.0,0.0,0.0
国泰,fixed_income,20251231,1841.0,97.0,18.0,73.0
大成,fixed_income,20241231,1074.0,0.0,0.0,0.0
大成,fixed_income,20250930,1156.0,0.0,0.0,0.0
大成,fixed_income,20251231,1108.0,128.0,8.0,-84.0
天弘,fixed_income,20241231,1948.0,0.0,0.0,0.0
天弘,fixed_income,20250930,1910.0,0.0,0.0,0.0
天弘,fixed_income,20251231,2049.0,123.0,25.0,-34.0
富国,fixed_income,20241231,2904.0,0.0,0.0,0.0
富国,fixed_income,20250930,2680.0,0.0,0.0,0.0
富国,fixed_income,20251231,2777.0,42.0,33.0,-201.0
工银瑞信,fixed_income,20241231,2085.0,0.0,0.0,0.0
工银瑞信,fixed_income,20250930,2174.0,0.0,0.0,0.0
工银瑞信,fixed_income,20251231,2195.0,37.0,25.0,17.0
平安,fixed_income,20241231,1720.0,0.0,0.0,0.0
平安,fixed_income,20250930,1376.0,0.0,0.0,0.0
平安,fixed_income,20251231,1478.0,3.0,18.0,-222.0
广发,fixed_income,20241231,3651.0,0.0,0.0,0.0
广发,fixed_income,20250930,3259.0,0.0,0.0,0.0
广发,fixed_income,20251231,3244.0,46.0,36.0,-485.0
建信,fixed_income,20241231,1414.0,0.0,0.0,0.0
建信,fixed_income,20250930,1206.0,0.0,0.0,0.0
建信,fixed_income,20251231,1437.0,122.0,14.0,-114.0
招商,fixed_income,20241231,3174.0,0.0,0.0,0.0
招商,fixed_income,20250930,2832.0,0.0,0.0,0.0
招商,fixed_income,20251231,2966.0,24.0,30.0,-53.0
易方达,fixed_income,20241231,2280.0,0.0,0.0,0.0
易方达,fixed_income,20250930,2317.0,0.0,0.0,0.0
易方达,fixed_income,20251231,2230.0,76.0,30.0,-134.0
景顺长城,fixed_income,20241231,1555.0,0.0,0.0,0.0
景顺长城,fixed_income,20250930,1491.0,0.0,0.0,0.0
景顺长城,fixed_income,20251231,1548.0,50.0,19.0,-106.0
永赢,fixed_income,20241231,3074.0,0.0,0.0,0.0
永赢,fixed_income,20250930,2484.0,0.0,0.0,0.0
永赢,fixed_income,20251231,2110.0,32.0,22.0,-1015.0
汇添富,fixed_income,20241231,1914.0,0.0,0.0,0.0
汇添富,fixed_income,20250930,1893.0,0.0,0.0,0.0
汇添富,fixed_income,20251231,2000.0,83.0,26.0,-23.0
浦银安盛,fixed_income,20241231,1615.0,0.0,0.0,0.0
浦银安盛,fixed_income,20250930,1306.0,0.0,0.0,0.0
浦银安盛,fixed_income,20251231,1311.0,60.0,20.0,-383.0
海富通,fixed_income,20241231,913.0,0.0,0.0,0.0
海富通,fixed_income,20250930,1490.0,0.0,0.0,0.0
海富通,fixed_income,20251231,1584.0,36.0,14.0,622.0
鑫元,fixed_income,20241231,1350.0,0.0,0.0,0.0
鑫元,fixed_income,20250930,1293.0,0.0,0.0,0.0
鑫元,fixed_income,20251231,1296.0,14.0,12.0,-81.0
银华,fixed_income,20241231,1168.0,0.0,0.0,0.0
银华,fixed_income,20250930,1058.0,0.0,0.0,0.0
银华,fixed_income,20251231,1191.0,39.0,13.0,-6.0
鹏华,fixed_income,20241231,2629.0,0.0,0.0,0.0
鹏华,fixed_income,20250930,2527.0,0.0,0.0,0.0
鹏华,fixed_income,20251231,2762.0,75.0,35.0,19.0
__industry__,fixed_income_plus,20241231,14201.0,0.0,0.0,0.0
__industry__,fixed_income_plus,20250930,22569.0,0.0,0.0,0.0
__industry__,fixed_income_plus,20251231,25344.0,1265.0,937.0,8941.0
东方红资管,fixed_income_plus,20241231,226.0,0.0,0.0,0.0
东方红资管,fixed_income_plus,20250930,371.0,0.0,0.0,0.0
东方红资管,fixed_income_plus,20251231,388.0,39.0,15.0,109.0
中欧,fixed_income_plus,20241231,307.0,0.0,0.0,0.0
中欧,fixed_income_plus,20250930,934.0,0.0,0.0,0.0
中欧,fixed_income_plus,20251231,1055.0,69.0,26.0,653.0
中邮,fixed_income_plus,20241231,127.0,0.0,0.0,0.0
中邮,fixed_income_plus,20250930,280.0,0.0,0.0,0.0
中邮,fixed_income_plus,20251231,301.0,0.0,8.0,166.0
中银,fixed_income_plus,20241231,300.0,0.0,0.0,0.0
中银,fixed_income_plus,20250930,590.0,0.0,0.0,0.0
中银,fixed_income_plus,20251231,694.0,53.0,19.0,322.0
交银施罗德,fixed_income_plus,20241231,140.0,0.0,0.0,0.0
交银施罗德,fixed_income_plus,20250930,181.0,0.0,0.0,0.0
交银施罗德,fixed_income_plus,20251231,281.0,13.0,8.0,106.0
兴业,fixed_income_plus,20241231,167.0,0.0,0.0,0.0
兴业,fixed_income_plus,20250930,374.0,0.0,0.0,0.0
兴业,fixed_income_plus,20251231,391.0,17.0,11.0,188.0
兴证全球,fixed_income_plus,20241231,132.0,0.0,0.0,0.0
兴证全球,fixed_income_plus,20250930,190.0,0.0,0.0,0.0
兴证全球,fixed_income_plus,20251231,262.0,0.0,12.0,118.0
华商,fixed_income_plus,20241231,145.0,0.0,0.0,0.0
华商,fixed_income_plus,20250930,368.0,0.0,0.0,0.0
华商,fixed_income_plus,20251231,457.0,21.0,27.0,263.0
华夏,fixed_income_plus,20241231,578.0,0.0,0.0,0.0
华夏,fixed_income_plus,20250930,737.0,0.0,0.0,0.0
华夏,fixed_income_plus,20251231,815.0,12.0,40.0,225.0
华安,fixed_income_plus,20241231,228.0,0.0,0.0,0.0
华安,fixed_income_plus,20250930,391.0,0.0,0.0,0.0
华安,fixed_income_plus,20251231,422.0,13.0,22.0,160.0
华宝,fixed_income_plus,20241231,126.0,0.0,0.0,0.0
华宝,fixed_income_plus,20250930,126.0,0.0,0.0,0.0
华宝,fixed_income_plus,20251231,126.0,0.0,0.0,0.0
华泰保兴,fixed_income_plus,20241231,186.0,0.0,0.0,0.0
华泰保兴,fixed_income_plus,20250930,264.0,0.0,0.0,0.0
华泰保兴,fixed_income_plus,20251231,274.0,10.0,8.0,71.0
华泰柏瑞,fixed_income_plus,20241231,176.0,0.0,0.0,0.0
华泰柏瑞,fixed_income_plus,20250930,176.0,0.0,0.0,0.0
华泰柏瑞,fixed_income_plus,20251231,176.0,0.0,0.0,0.0
南方,fixed_income_plus,20241231,395.0,0.0,0.0,0.0
南方,fixed_income_plus,20250930,618.0,0.0,0.0,0.0
南方,fixed_income_plus,20251231,655.0,106.0,43.0,114.0
博时,fixed_income_plus,20241231,630.0,0.0,0.0,0.0
博时,fixed_income_plus,20250930,1198.0,0.0,0.0,0.0
博时,fixed_income_plus,20251231,1220.0,0.0,97.0,492.0
嘉实,fixed_income_plus,20241231,359.0,0.0,0.0,0.0
嘉实,fixed_income_plus,20250930,311.0,0.0,0.0,0.0
嘉实,fixed_income_plus,20251231,386.0,0.0,15.0,41.0
国寿安保,fixed_income_plus,20241231,194.0,0.0,0.0,0.0
国寿安保,fixed_income_plus,20250930,230.0,0.0,0.0,0.0
国寿安保,fixed_income_plus,20251231,241.0,3.0,9.0,21.0
国泰,fixed_income_plus,20241231,129.0,0.0,0.0,0.0
国泰,fixed_income_plus,20250930,251.0,0.0,0.0,0.0
国泰,fixed_income_plus,20251231,260.0,30.0,8.0,97.0
大成,fixed_income_plus,20241231,59.0,0.0,0.0,0.0
大成,fixed_income_plus,20250930,193.0,0.0,0.0,0.0
大成,fixed_income_plus,20251231,239.0,31.0,3.0,128.0
天弘,fixed_income_plus,20241231,446.0,0.0,0.0,0.0
天弘,fixed_income_plus,20250930,501.0,0.0,0.0,0.0
天弘,fixed_income_plus,20251231,549.0,44.0,22.0,25.0
安信,fixed_income_plus,20241231,427.0,0.0,0.0,0.0
安信,fixed_income_plus,20250930,339.0,0.0,0.0,0.0
安信,fixed_income_plus,20251231,383.0,0.0,17.0,-90.0
富国,fixed_income_plus,20241231,613.0,0.0,0.0,0.0
富国,fixed_income_plus,20250930,1363.0,0.0,0.0,0.0
富国,fixed_income_plus,20251231,1282.0,52.0,35.0,583.0
工银瑞信,fixed_income_plus,20241231,305.0,0.0,0.0,0.0
工银瑞信,fixed_income_plus,20250930,381.0,0.0,0.0,0.0
工银瑞信,fixed_income_plus,20251231,445.0,5.0,15.0,151.0
平安,fixed_income_plus,20241231,151.0,0.0,0.0,0.0
平安,fixed_income_plus,20250930,345.0,0.0,0.0,0.0
平安,fixed_income_plus,20251231,409.0,39.0,7.0,171.0
广发,fixed_income_plus,20241231,517.0,0.0,0.0,0.0
广发,fixed_income_plus,20250930,951.0,0.0,0.0,0.0
广发,fixed_income_plus,20251231,993.0,29.0,34.0,411.0
建信,fixed_income_plus,20241231,116.0,0.0,0.0,0.0
建信,fixed_income_plus,20250930,116.0,0.0,0.0,0.0
建信,fixed_income_plus,20251231,116.0,0.0,0.0,0.0
招商,fixed_income_plus,20241231,626.0,0.0,0.0,0.0
招商,fixed_income_plus,20250930,686.0,0.0,0.0,0.0
招商,fixed_income_plus,20251231,951.0,24.0,30.0,144.0
易方达,fixed_income_plus,20241231,1895.0,0.0,0.0,0.0
易方达,fixed_income_plus,20250930,2350.0,0.0,0.0,0.0
易方达,fixed_income_plus,20251231,2295.0,0.0,89.0,269.0
景顺长城,fixed_income_plus,20241231,572.0,0.0,0.0,0.0
景顺长城,fixed_income_plus,20250930,1618.0,0.0,0.0,0.0
景顺长城,fixed_income_plus,20251231,2160.0,0.0,41.0,1580.0
永赢,fixed_income_plus,20241231,199.0,0.0,0.0,0.0
永赢,fixed_income_plus,20250930,579.0,0.0,0.0,0.0
永赢,fixed_income_plus,20251231,727.0,41.0,9.0,477.0
汇添富,fixed_income_plus,20241231,383.0,0.0,0.0,0.0
汇添富,fixed_income_plus,20250930,793.0,0.0,0.0,0.0
汇添富,fixed_income_plus,20251231,1095.0,34.0,43.0,635.0
海富通,fixed_income_plus,20241231,210.0,0.0,0.0,0.0
海富通,fixed_income_plus,20250930,210.0,0.0,0.0,0.0
海富通,fixed_income_plus,20251231,210.0,0.0,0.0,0.0
银华,fixed_income_plus,20241231,45.0,0.0,0.0,0.0
银华,fixed_income_plus,20250930,249.0,0.0,0.0,0.0
银华,fixed_income_plus,20251231,343.0,27.0,3.0,244.0
鹏华,fixed_income_plus,20241231,351.0,0.0,0.0,0.0
鹏华,fixed_income_plus,20250930,690.0,0.0,0.0,0.0
鹏华,fixed_income_plus,20251231,783.0,49.0,37.0,353.0
__industry__,fof,20241231,1332.0,0.0,0.0,0.0
__industry__,fof,20250930,1935.0,0.0,0.0,0.0
__industry__,fof,20251231,2441.0,845.0,206.0,58.0
东方红资管,fof,20241231,44.0,0.0,0.0,0.0
东方红资管,fof,20250930,93.0,0.0,0.0,0.0
东方红资管,fof,20251231,80.0,79.0,6.0,-47.0
中欧,fof,20241231,103.0,0.0,0.0,0.0
中欧,fof,20250930,183.0,0.0,0.0,0.0
中欧,fof,20251231,164.0,5.0,14.0,44.0
中银,fof,20241231,12.0,0.0,0.0,0.0
中银,fof,20250930,12.0,0.0,0.0,0.0
中银,fof,20251231,12.0,0.0,0.0,0.0
交银施罗德,fof,20241231,83.0,0.0,0.0,0.0
交银施罗德,fof,20250930,55.0,0.0,0.0,0.0
交银施罗德,fof,20251231,71.0,24.0,12.0,-48.0
兴业,fof,20241231,3.0,0.0,0.0,0.0
兴业,fof,20250930,3.0,0.0,0.0,0.0
兴业,fof,20251231,3.0,0.0,0.0,0.0
兴证全球,fof,20241231,153.0,0.0,0.0,0.0
兴证全球,fof,20250930,182.0,0.0,0.0,0.0
兴证全球,fof,20251231,186.0,16.0,30.0,-12.0
前海开源,fof,20241231,4.0,0.0,0.0,0.0
前海开源,fof,20250930,31.0,0.0,0.0,0.0
前海开源,fof,20251231,34.0,25.0,2.0,3.0
华夏,fof,20241231,85.0,0.0,0.0,0.0
华夏,fof,20250930,102.0,0.0,0.0,0.0
华夏,fof,20251231,124.0,35.0,13.0,-9.0
华安,fof,20241231,46.0,0.0,0.0,0.0
华安,fof,20250930,100.0,0.0,0.0,0.0
华安,fof,20251231,80.0,0.0,4.0,32.0
华宝,fof,20241231,3.0,0.0,0.0,0.0
华宝,fof,20250930,3.0,0.0,0.0,0.0
华宝,fof,20251231,3.0,0.0,0.0,0.0
华泰柏瑞,fof,20241231,1.0,0.0,0.0,0.0
华泰柏瑞,fof,20250930,3.0,0.0,0.0,0.0
华泰柏瑞,fof,20251231,58.0,56.0,0.0,2.0
南方,fof,20241231,79.0,0.0,0.0,0.0
南方,fof,20250930,86.0,0.0,0.0,0.0
南方,fof,20251231,80.0,36.0,8.0,-41.0
博时,fof,20241231,5.0,0.0,0.0,0.0
博时,fof,20250930,64.0,0.0,0.0,0.0
博时,fof,20251231,51.0,7.0,0.0,39.0
嘉实,fof,20241231,36.0,0.0,0.0,0.0
嘉实,fof,20250930,33.0,0.0,0.0,0.0
嘉实,fof,20251231,32.0,0.0,3.0,-7.0
国寿安保,fof,20241231,6.0,0.0,0.0,0.0
国寿安保,fof,20250930,6.0,0.0,0.0,0.0
国寿安保,fof,20251231,15.0,9.0,0.0,-1.0
国泰,fof,20241231,10.0,0.0,0.0,0.0
国泰,fof,20250930,51.0,0.0,0.0,0.0
国泰,fof,20251231,130.0,23.0,2.0,94.0
国泰海通资管,fof,20241231,18.0,0.0,0.0,0.0
国泰海通资管,fof,20250930,19.0,0.0,0.0,0.0
国泰海通资管,fof,20251231,18.0,0.0,3.0,-3.0
大成,fof,20241231,5.0,0.0,0.0,0.0
大成,fof,20250930,5.0,0.0,0.0,0.0
大成,fof,20251231,5.0,0.0,0.0,0.0
天弘,fof,20241231,5.0,0.0,0.0,0.0
天弘,fof,20250930,4.0,0.0,0.0,0.0
天弘,fof,20251231,18.0,11.0,1.0,1.0
宏利,fof,20241231,5.0,0.0,0.0,0.0
宏利,fof,20250930,7.0,0.0,0.0,0.0
宏利,fof,20251231,14.0,2.0,0.0,6.0
富国,fof,20241231,30.0,0.0,0.0,0.0
富国,fof,20250930,144.0,0.0,0.0,0.0
富国,fof,20251231,196.0,87.0,8.0,73.0
工银瑞信,fof,20241231,29.0,0.0,0.0,0.0
工银瑞信,fof,20250930,37.0,0.0,0.0,0.0
工银瑞信,fof,20251231,61.0,0.0,5.0,27.0
平安,fof,20241231,44.0,0.0,0.0,0.0
平安,fof,20250930,46.0,0.0,0.0,0.0
平安,fof,20251231,91.0,70.0,4.0,-28.0
广发,fof,20241231,69.0,0.0,0.0,0.0
广发,fof,20250930,119.0,0.0,0.0,0.0
广发,fof,20251231,175.0,17.0,13.0,76.0
建信,fof,20241231,15.0,0.0,0.0,0.0
建信,fof,20250930,18.0,0.0,0.0,0.0
建信,fof,20251231,20.0,1.0,1.0,2.0
招商,fof,20241231,23.0,0.0,0.0,0.0
招商,fof,20250930,38.0,0.0,0.0,0.0
招商,fof,20251231,73.0,30.0,4.0,16.0
摩根,fof,20241231,6.0,0.0,0.0,0.0
摩根,fof,20250930,32.0,0.0,0.0,0.0
摩根,fof,20251231,21.0,28.0,1.0,-14.0
易方达,fof,20241231,106.0,0.0,0.0,0.0
易方达,fof,20250930,160.0,0.0,0.0,0.0
易方达,fof,20251231,211.0,64.0,32.0,9.0
景顺长城,fof,20241231,10.0,0.0,0.0,0.0
景顺长城,fof,20250930,31.0,0.0,0.0,0.0
景顺长城,fof,20251231,60.0,41.0,1.0,8.0
民生加银,fof,20241231,52.0,0.0,0.0,0.0
民生加银,fof,20250930,33.0,0.0,0.0,0.0
民生加银,fof,20251231,44.0,14.0,5.0,-27.0
永赢,fof,20241231,6.0,0.0,0.0,0.0
永赢,fof,20250930,6.0,0.0,0.0,0.0
永赢,fof,20251231,6.0,0.0,0.0,0.0
汇添富,fof,20241231,68.0,0.0,0.0,0.0
汇添富,fof,20250930,58.0,0.0,0.0,0.0
汇添富,fof,20251231,54.0,3.0,14.0,-31.0
浦银安盛,fof,20241231,29.0,0.0,0.0,0.0
浦银安盛,fof,20250930,20.0,0.0,0.0,0.0
浦银安盛,fof,20251231,50.0,31.0,2.0,-12.0
海富通,fof,20241231,10.0,0.0,0.0,0.0
海富通,fof,20250930,10.0,0.0,0.0,0.0
海富通,fof,20251231,10.0,0.0,0.0,0.0
银华,fof,20241231,17.0,0.0,0.0,0.0
银华,fof,20250930,18.0,0.0,0.0,0.0
银华,fof,20251231,37.0,35.0,2.0,-17.0
鹏华,fof,20241231,6.0,0.0,0.0,0.0
鹏华,fof,20250930,7.0,0.0,0.0,0.0
鹏华,fof,20251231,14.0,6.0,2.0,0.0
__industry__,money,20241231,136086.0,0.0,0.0,0.0
__industry__,money,20250930,146666.0,0.0,0.0,0.0
__industry__,money,20251231,150104.0,0.0,1693.0,12326.0
万家,money,20241231,3304.0,0.0,0.0,0.0
万家,money,20250930,4150.0,0.0,0.0,0.0
万家,money,20251231,4435.0,0.0,44.0,1088.0
中欧,money,20241231,2183.0,0.0,0.0,0.0
中欧,money,20250930,2663.0,0.0,0.0,0.0
中欧,money,20251231,2644.0,0.0,29.0,432.0
中金,money,20241231,1238.0,0.0,0.0,0.0
中金,money,20250930,1482.0,0.0,0.0,0.0
中金,money,20251231,1644.0,0.0,15.0,391.0
中银,money,20241231,3024.0,0.0,0.0,0.0
中银,money,20250930,3767.0,0.0,0.0,0.0
中银,money,20251231,3962.0,0.0,39.0,899.0
交银施罗德,money,20241231,2826.0,0.0,0.0,0.0
交银施罗德,money,20250930,2491.0,0.0,0.0,0.0
交银施罗德,money,20251231,2773.0,0.0,34.0,-87.0
兴业,money,20241231,1252.0,0.0,0.0,0.0
兴业,money,20250930,1725.0,0.0,0.0,0.0
兴业,money,20251231,1940.0,0.0,17.0,671.0
兴证全球,money,20241231,3816.0,0.0,0.0,0.0
兴证全球,money,20250930,4526.0,0.0,0.0,0.0
兴证全球,money,20251231,4458.0,0.0,51.0,592.0
华夏,money,20241231,5497.0,0.0,0.0,0.0
华夏,money,20250930,7288.0,0.0,0.0,0.0
华夏,money,20251231,7114.0,0.0,71.0,1547.0
华安,money,20241231,2796.0,0.0,0.0,0.0
华安,money,20250930,2964.0,0.0,0.0,0.0
华安,money,20251231,2840.0,0.0,35.0,9.0
华宝,money,20241231,1861.0,0.0,0.0,0.0
华宝,money,20250930,1711.0,0.0,0.0,0.0
华宝,money,20251231,1863.0,0.0,21.0,-18.0
华泰柏瑞,money,20241231,834.0,0.0,0.0,0.0
华泰柏瑞,money,20250930,834.0,0.0,0.0,0.0
华泰柏瑞,money,20251231,834.0,0.0,0.0,0.0
南方,money,20241231,6367.0,0.0,0.0,0.0
南方,money,20250930,6343.0,0.0,0.0,0.0
南方,money,20251231,6385.0,0.0,80.0,-63.0
博时,money,20241231,4608.0,0.0,0.0,0.0
博时,money,20250930,4758.0,0.0,0.0,0.0
博时,money,20251231,4645.0,0.0,61.0,-24.0
嘉实,money,20241231,3145.0,0.0,0.0,0.0
嘉实,money,20250930,3710.0,0.0,0.0,0.0
嘉实,money,20251231,3653.0,0.0,40.0,468.0
国泰,money,20241231,3176.0,0.0,0.0,0.0
国泰,money,20250930,3307.0,0.0,0.0,0.0
国泰,money,20251231,3231.0,0.0,41.0,14.0
大成,money,20241231,1319.0,0.0,0.0,0.0
大成,money,20250930,1888.0,0.0,0.0,0.0
大成,money,20251231,1793.0,0.0,17.0,457.0
天弘,money,20241231,8324.0,0.0,0.0,0.0
天弘,money,20250930,8514.0,0.0,0.0,0.0
天弘,money,20251231,8277.0,0.0,99.0,-146.0
富国,money,20241231,4068.0,0.0,0.0,0.0
富国,money,20250930,4450.0,0.0,0.0,0.0
富国,money,20251231,4636.0,0.0,53.0,514.0
工银瑞信,money,20241231,4378.0,0.0,0.0,0.0
工银瑞信,money,20250930,3997.0,0.0,0.0,0.0
工银瑞信,money,20251231,4221.0,0.0,53.0,-209.0
平安,money,20241231,3883.0,0.0,0.0,0.0
平安,money,20250930,4279.0,0.0,0.0,0.0
平安,money,20251231,4377.0,0.0,53.0,441.0
广发,money,20241231,6252.0,0.0,0.0,0.0
广发,money,20250930,6184.0,0.0,0.0,0.0
广发,money,20251231,6480.0,0.0,79.0,150.0
建信,money,20241231,7001.0,0.0,0.0,0.0
建信,money,20250930,7834.0,0.0,0.0,0.0
建信,money,20251231,7670.0,0.0,98.0,571.0
招商,money,20241231,3223.0,0.0,0.0,0.0
招商,money,20250930,3866.0,0.0,0.0,0.0
招商,money,20251231,3724.0,0.0,40.0,461.0
易方达,money,20241231,6226.0,0.0,0.0,0.0
易方达,money,20250930,7236.0,0.0,0.0,0.0
易方达,money,20251231,7527.0,0.0,79.0,1221.0
景顺长城,money,20241231,1719.0,0.0,0.0,0.0
景顺长城,money,20250930,1961.0,0.0,0.0,0.0
景顺长城,money,20251231,1945.0,0.0,20.0,206.0
永赢,money,20241231,1780.0,0.0,0.0,0.0
永赢,money,20250930,1998.0,0.0,0.0,0.0
永赢,money,20251231,2003.0,0.0,26.0,197.0
汇添富,money,20241231,4149.0,0.0,0.0,0.0
汇添富,money,20250930,4560.0,0.0,0.0,0.0
汇添富,money,20251231,4466.0,0.0,50.0,266.0
浦银安盛,money,20241231,2038.0,0.0,0.0,0.0
浦银安盛,money,20250930,1924.0,0.0,0.0,0.0
浦银安盛,money,20251231,2003.0,0.0,26.0,-62.0
银华,money,20241231,2893.0,0.0,0.0,0.0
银华,money,20250930,3330.0,0.0,0.0,0.0
银华,money,20251231,3467.0,0.0,36.0,538.0
长城,money,20241231,2038.0,0.0,0.0,0.0
长城,money,20250930,2240.0,0.0,0.0,0.0
长城,money,20251231,2236.0,0.0,26.0,172.0
鹏华,money,20241231,4627.0,0.0,0.0,0.0
鹏华,money,20250930,4677.0,0.0,0.0,0.0
鹏华,money,20251231,4530.0,0.0,60.0,-157.0
__industry__,non_money,20241231,192297.0,0.0,0.0,0.0
__industry__,non_money,20250930,220782.0,0.0,0.0,0.0
__industry__,non_money,20251231,226614.0,11605.0,25848.0,-3136.0
万家,non_money,20241231,1521.0,0.0,0.0,0.0
万家,non_money,20250930,1521.0,0.0,0.0,0.0
万家,non_money,20251231,1521.0,0.0,0.0,0.0
东方红资管,non_money,20241231,1398.0,0.0,0.0,0.0
东方红资管,non_money,20250930,1700.0,0.0,0.0,0.0
东方红资管,non_money,20251231,1732.0,0.0,0.0,0.0
中欧,non_money,20241231,3104.0,0.0,0.0,0.0
中欧,non_money,20250930,4499.0,0.0,0.0,0.0
中欧,non_money,20251231,4329.0,0.0,0.0,0.0
中银,non_money,20241231,3164.0,0.0,0.0,0.0
中银,non_money,20250930,3335.0,0.0,0.0,0.0
中银,non_money,20251231,3372.0,0.0,0.0,0.0
交银施罗德,non_money,20241231,2552.0,0.0,0.0,0.0
交银施罗德,non_money,20250930,2374.0,0.0,0.0,0.0
交银施罗德,non_money,20251231,2254.0,0.0,0.0,0.0
兴业,non_money,20241231,2223.0,0.0,0.0,0.0
兴业,non_money,20250930,2550.0,0.0,0.0,0.0
兴业,non_money,20251231,2686.0,0.0,0.0,0.0
兴证全球,non_money,20241231,2699.0,0.0,0.0,0.0
兴证全球,non_money,20250930,2889.0,0.0,0.0,0.0
兴证全球,non_money,20251231,3033.0,0.0,0.0,0.0
华夏,non_money,20241231,12383.0,0.0,0.0,0.0
华夏,non_money,20250930,15213.0,0.0,0.0,0.0
华夏,non_money,20251231,15683.0,0.0,0.0,0.0
华安,non_money,20241231,4133.0,0.0,0.0,0.0
华安,non_money,20250930,5021.0,0.0,0.0,0.0
华安,non_money,20251231,5295.0,0.0,0.0,0.0
华宝,non_money,20241231,1693.0,0.0,0.0,0.0
华宝,non_money,20250930,2312.0,0.0,0.0,0.0
华宝,non_money,20251231,2302.0,0.0,0.0,0.0
华泰柏瑞,non_money,20241231,5876.0,0.0,0.0,0.0
华泰柏瑞,non_money,20250930,7253.0,0.0,0.0,0.0
华泰柏瑞,non_money,20251231,7618.0,0.0,0.0,0.0
南方,non_money,20241231,6830.0,0.0,0.0,0.0
南方,non_money,20250930,8501.0,0.0,0.0,0.0
南方,non_money,20251231,8742.0,0.0,0.0,0.0
博时,non_money,20241231,6646.0,0.0,0.0,0.0
博时,non_money,20250930,7148.0,0.0,0.0,0.0
博时,non_money,20251231,6929.0,0.0,0.0,0.0
嘉实,non_money,20241231,7269.0,0.0,0.0,0.0
嘉实,non_money,20250930,8281.0,0.0,0.0,0.0
嘉实,non_money,20251231,8603.0,0.0,0.0,0.0
国寿安保,non_money,20241231,1900.0,0.0,0.0,0.0
国寿安保,non_money,20250930,1861.0,0.0,0.0,0.0
国寿安保,non_money,20251231,1820.0,0.0,0.0,0.0
国泰,non_money,20241231,3925.0,0.0,0.0,0.0
国泰,non_money,20250930,5321.0,0.0,0.0,0.0
国泰,non_money,20251231,5823.0,0.0,0.0,0.0
大成,non_money,20241231,2286.0,0.0,0.0,0.0
大成,non_money,20250930,2814.0,0.0,0.0,0.0
大成,non_money,20251231,2855.0,0.0,0.0,0.0
天弘,non_money,20241231,4139.0,0.0,0.0,0.0
天弘,non_money,20250930,4591.0,0.0,0.0,0.0
天弘,non_money,20251231,4853.0,0.0,0.0,0.0
富国,non_money,20241231,6809.0,0.0,0.0,0.0
富国,non_money,20250930,9198.0,0.0,0.0,0.0
富国,non_money,20251231,8885.0,0.0,0.0,0.0
工银瑞信,non_money,20241231,4089.0,0.0,0.0,0.0
工银瑞信,non_money,20250930,4826.0,0.0,0.0,0.0
工银瑞信,non_money,20251231,4846.0,0.0,0.0,0.0
平安,non_money,20241231,2470.0,0.0,0.0,0.0
平安,non_money,20250930,2543.0,0.0,0.0,0.0
平安,non_money,20251231,2794.0,0.0,0.0,0.0
广发,non_money,20241231,8412.0,0.0,0.0,0.0
广发,non_money,20250930,9913.0,0.0,0.0,0.0
广发,non_money,20251231,10152.0,0.0,0.0,0.0
建信,non_money,20241231,1916.0,0.0,0.0,0.0
建信,non_money,20250930,1848.0,0.0,0.0,0.0
建信,non_money,20251231,2146.0,0.0,0.0,0.0
招商,non_money,20241231,5658.0,0.0,0.0,0.0
招商,non_money,20250930,5635.0,0.0,0.0,0.0
招商,non_money,20251231,6050.0,0.0,0.0,0.0
易方达,non_money,20241231,14324.0,0.0,0.0,0.0
易方达,non_money,20250930,18097.0,0.0,0.0,0.0
易方达,non_money,20251231,18179.0,0.0,0.0,0.0
景顺长城,non_money,20241231,4227.0,0.0,0.0,0.0
景顺长城,non_money,20250930,5691.0,0.0,0.0,0.0
景顺长城,non_money,20251231,6156.0,0.0,0.0,0.0
永赢,non_money,20241231,3516.0,0.0,0.0,0.0
永赢,non_money,20250930,4289.0,0.0,0.0,0.0
永赢,non_money,20251231,4341.0,0.0,0.0,0.0
汇添富,non_money,20241231,5026.0,0.0,0.0,0.0
汇添富,non_money,20250930,6556.0,0.0,0.0,0.0
汇添富,non_money,20251231,6862.0,0.0,0.0,0.0
浦银安盛,non_money,20241231,1567.0,0.0,0.0,0.0
浦银安盛,non_money,20250930,1567.0,0.0,0.0,0.0
浦银安盛,non_money,20251231,1567.0,0.0,0.0,0.0
海富通,non_money,20241231,1214.0,0.0,0.0,0.0
海富通,non_money,20250930,2021.0,0.0,0.0,0.0
海富通,non_money,20251231,2106.0,0.0,0.0,0.0
银华,non_money,20241231,2452.0,0.0,0.0,0.0
银华,non_money,20250930,2807.0,0.0,0.0,0.0
银华,non_money,20251231,3072.0,0.0,0.0,0.0
长城,non_money,20241231,1507.0,0.0,0.0,0.0
长城,non_money,20250930,1507.0,0.0,0.0,0.0
长城,non_money,20251231,1507.0,0.0,0.0,0.0
鹏华,non_money,20241231,4513.0,0.0,0.0,0.0
鹏华,non_money,20250930,5370.0,0.0,0.0,0.0
鹏华,non_money,20251231,5735.0,0.0,0.0,0.0
__industry__,passive_equity,20241231,44274.0,0.0,0.0,0.0
__industry__,passive_equity,20250930,60464.0,0.0,0.0,0.0
__industry__,passive_equity,20251231,62335.0,4195.0,11746.0,2120.0
东方红资管,passive_equity,20241231,101.0,0.0,0.0,0.0
东方红资管,passive_equity,20250930,101.0,0.0,0.0,0.0
东方红资管,passive_equity,20251231,101.0,0.0,0.0,0.0
中欧,passive_equity,20241231,145.0,0.0,0.0,0.0
中欧,passive_equity,20250930,145.0,0.0,0.0,0.0
中欧,passive_equity,20251231,145.0,0.0,0.0,0.0
中银,passive_equity,20241231,44.0,0.0,0.0,0.0
中银,passive_equity,20250930,44.0,0.0,0.0,0.0
中银,passive_equity,20251231,44.0,0.0,0.0,0.0
交银施罗德,passive_equity,20241231,122.0,0.0,0.0,0.0
交银施罗德,passive_equity,20250930,122.0,0.0,0.0,0.0
交银施罗德,passive_equity,20251231,122.0,0.0,0.0,0.0
兴业,passive_equity,20241231,35.0,0.0,0.0,0.0
兴业,passive_equity,20250930,35.0,0.0,0.0,0.0
兴业,passive_equity,20251231,35.0,0.0,0.0,0.0
兴证全球,passive_equity,20241231,93.0,0.0,0.0,0.0
兴证全球,passive_equity,20250930,93.0,0.0,0.0,0.0
兴证全球,passive_equity,20251231,93.0,0.0,0.0,0.0
华夏,passive_equity,20241231,10435.0,0.0,0.0,0.0
华夏,passive_equity,20250930,10435.0,0.0,0.0,0.0
华夏,passive_equity,20251231,10435.0,0.0,0.0,0.0
华安,passive_equity,20241231,1225.0,0.0,0.0,0.0
华安,passive_equity,20250930,1225.0,0.0,0.0,0.0
华安,passive_equity,20251231,1225.0,0.0,0.0,0.0
华宝,passive_equity,20241231,1585.0,0.0,0.0,0.0
华宝,passive_equity,20250930,1585.0,0.0,0.0,0.0
华宝,passive_equity,20251231,1585.0,0.0,0.0,0.0
华泰柏瑞,passive_equity,20241231,6489.0,0.0,0.0,0.0
华泰柏瑞,passive_equity,20250930,6489.0,0.0,0.0,0.0
华泰柏瑞,passive_equity,20251231,6489.0,0.0,0.0,0.0
南方,passive_equity,20241231,4551.0,0.0,0.0,0.0
南方,passive_equity,20250930,4551.0,0.0,0.0,0.0
南方,passive_equity,20251231,4551.0,0.0,0.0,0.0
博时,passive_equity,20241231,1250.0,0.0,0.0,0.0
博时,passive_equity,20250930,1250.0,0.0,0.0,0.0
博时,passive_equity,20251231,1250.0,0.0,0.0,0.0
嘉实,passive_equity,20241231,3854.0,0.0,0.0,0.0
嘉实,passive_equity,20250930,3854.0,0.0,0.0,0.0
嘉实,passive_equity,20251231,3854.0,0.0,0.0,0.0
国寿安保,passive_equity,20241231,93.0,0.0,0.0,0.0
国寿安保,passive_equity,20250930,93.0,0.0,0.0,0.0
国寿安保,passive_equity,20251231,93.0,0.0,0.0,0.0
国泰,passive_equity,20241231,2637.0,0.0,0.0,0.0
国泰,passive_equity,20250930,2637.0,0.0,0.0,0.0
国泰,passive_equity,20251231,2637.0,0.0,0.0,0.0
大成,passive_equity,20241231,527.0,0.0,0.0,0.0
大成,passive_equity,20250930,527.0,0.0,0.0,0.0
大成,passive_equity,20251231,527.0,0.0,0.0,0.0
天弘,passive_equity,20241231,2044.0,0.0,0.0,0.0
天弘,passive_equity,20250930,2044.0,0.0,0.0,0.0
天弘,passive_equity,20251231,2044.0,0.0,0.0,0.0
富国,passive_equity,20241231,2493.0,0.0,0.0,0.0
富国,passive_equity,20250930,2493.0,0.0,0.0,0.0
富国,passive_equity,20251231,2493.0,0.0,0.0,0.0
工银瑞信,passive_equity,20241231,898.0,0.0,0.0,0.0
工银瑞信,passive_equity,20250930,898.0,0.0,0.0,0.0
工银瑞信,passive_equity,20251231,898.0,0.0,0.0,0.0
平安,passive_equity,20241231,297.0,0.0,0.0,0.0
平安,passive_equity,20250930,297.0,0.0,0.0,0.0
平安,passive_equity,20251231,297.0,0.0,0.0,0.0
广发,passive_equity,20241231,3468.0,0.0,0.0,0.0
广发,passive_equity,20250930,3468.0,0.0,0.0,0.0
广发,passive_equity,20251231,3468.0,0.0,0.0,0.0
建信,passive_equity,20241231,173.0,0.0,0.0,0.0
建信,passive_equity,20250930,173.0,0.0,0.0,0.0
建信,passive_equity,20251231,173.0,0.0,0.0,0.0
招商,passive_equity,20241231,1396.0,0.0,0.0,0.0
招商,passive_equity,20250930,1396.0,0.0,0.0,0.0
招商,passive_equity,20251231,1396.0,0.0,0.0,0.0
易方达,passive_equity,20241231,9863.0,0.0,0.0,0.0
易方达,passive_equity,20250930,9863.0,0.0,0.0,0.0
易方达,passive_equity,20251231,9863.0,0.0,0.0,0.0
景顺长城,passive_equity,20241231,962.0,0.0,0.0,0.0
景顺长城,passive_equity,20250930,962.0,0.0,0.0,0.0
景顺长城,passive_equity,20251231,962.0,0.0,0.0,0.0
永赢,passive_equity,20241231,355.0,0.0,0.0,0.0
永赢,passive_equity,20250930,355.0,0.0,0.0,0.0
永赢,passive_equity,20251231,355.0,0.0,0.0,0.0
汇添富,passive_equity,20241231,1933.0,0.0,0.0,0.0
汇添富,passive_equity,20250930,1933.0,0.0,0.0,0.0
汇添富,passive_equity,20251231,1933.0,0.0,0.0,0.0
海富通,passive_equity,20241231,91.0,0.0,0.0,0.0
海富通,passive_equity,20250930,91.0,0.0,0.0,0.0
海富通,passive_equity,20251231,91.0,0.0,0.0,0.0
银华,passive_equity,20241231,742.0,0.0,0.0,0.0
银华,passive_equity,20250930,742.0,0.0,0.0,0.0
银华,passive_equity,20251231,742.0,0.0,0.0,0.0
鹏华,passive_equity,20241231,1290.0,0.0,0.0,0.0
鹏华,passive_equity,20250930,1290.0,0.0,0.0,0.0
鹏华,passive_equity,20251231,1290.0,0.0,0.0,0.0
万家,passive_equity_etf_with_link,20241231,118.0,0.0,0.0,0.0
万家,passive_equity_etf_with_link,20250930,162.5,0.0,0.0,0.0
万家,passive_equity_etf_with_link,20251231,207.0,58.0,36.0,-5.0
东财,passive_equity_etf_with_link,20241231,53.0,0.0,0.0,0.0
东财,passive_equity_etf_with_link,20250930,96.0,0.0,0.0,0.0
东财,passive_equity_etf_with_link,20251231,139.0,28.0,24.0,34.0
中银,passive_equity_etf_with_link,20241231,5.0,0.0,0.0,0.0
中银,passive_equity_etf_with_link,20250930,74.5,0.0,0.0,0.0
中银,passive_equity_etf_with_link,20251231,144.0,10.0,6.0,122.0
兴业,passive_equity_etf_with_link,20241231,14.0,0.0,0.0,0.0
兴业,passive_equity_etf_with_link,20250930,99.5,0.0,0.0,0.0
兴业,passive_equity_etf_with_link,20251231,185.0,44.0,5.0,122.0
华夏,passive_equity_etf_with_link,20241231,6587.0,0.0,0.0,0.0
华夏,passive_equity_etf_with_link,20250930,8081.0,0.0,0.0,0.0
华夏,passive_equity_etf_with_link,20251231,9575.0,158.0,1744.0,1086.0
华安,passive_equity_etf_with_link,20241231,1159.0,0.0,0.0,0.0
华安,passive_equity_etf_with_link,20250930,1555.0,0.0,0.0,0.0
华安,passive_equity_etf_with_link,20251231,1951.0,80.0,453.0,258.0
华宝,passive_equity_etf_with_link,20241231,818.0,0.0,0.0,0.0
华宝,passive_equity_etf_with_link,20250930,1048.5,0.0,0.0,0.0
华宝,passive_equity_etf_with_link,20251231,1279.0,49.0,105.0,307.0
华泰柏瑞,passive_equity_etf_with_link,20241231,4704.0,0.0,0.0,0.0
华泰柏瑞,passive_equity_etf_with_link,20250930,5467.5,0.0,0.0,0.0
华泰柏瑞,passive_equity_etf_with_link,20251231,6231.0,46.0,955.0,526.0
南方,passive_equity_etf_with_link,20241231,2429.0,0.0,0.0,0.0
南方,passive_equity_etf_with_link,20250930,3299.5,0.0,0.0,0.0
南方,passive_equity_etf_with_link,20251231,4170.0,147.0,755.0,839.0
博时,passive_equity_etf_with_link,20241231,1351.0,0.0,0.0,0.0
博时,passive_equity_etf_with_link,20250930,1761.5,0.0,0.0,0.0
博时,passive_equity_etf_with_link,20251231,2172.0,81.0,383.0,357.0
嘉实,passive_equity_etf_with_link,20241231,2354.0,0.0,0.0,0.0
嘉实,passive_equity_etf_with_link,20250930,3025.5,0.0,0.0,0.0
嘉实,passive_equity_etf_with_link,20251231,3697.0,103.0,624.0,617.0
国泰,passive_equity_etf_with_link,20241231,1483.0,0.0,0.0,0.0
国泰,passive_equity_etf_with_link,20250930,2173.0,0.0,0.0,0.0
国泰,passive_equity_etf_with_link,20251231,2863.0,91.0,365.0,924.0
国联安,passive_equity_etf_with_link,20241231,327.0,0.0,0.0,0.0
国联安,passive_equity_etf_with_link,20250930,308.0,0.0,0.0,0.0
国联安,passive_equity_etf_with_link,20251231,289.0,18.0,133.0,-189.0
大成,passive_equity_etf_with_link,20241231,221.0,0.0,0.0,0.0
大成,passive_equity_etf_with_link,20250930,417.5,0.0,0.0,0.0
大成,passive_equity_etf_with_link,20251231,614.0,67.0,51.0,275.0
天弘,passive_equity_etf_with_link,20241231,654.0,0.0,0.0,0.0
天弘,passive_equity_etf_with_link,20250930,902.0,0.0,0.0,0.0
天弘,passive_equity_etf_with_link,20251231,1150.0,123.0,163.0,210.0
富国,passive_equity_etf_with_link,20241231,1304.0,0.0,0.0,0.0
富国,passive_equity_etf_with_link,20250930,1918.0,0.0,0.0,0.0
富国,passive_equity_etf_with_link,20251231,2532.0,165.0,262.0,800.0
工银瑞信,passive_equity_etf_with_link,20241231,491.0,0.0,0.0,0.0
工银瑞信,passive_equity_etf_with_link,20250930,715.5,0.0,0.0,0.0
工银瑞信,passive_equity_etf_with_link,20251231,940.0,91.0,160.0,197.0
平安,passive_equity_etf_with_link,20241231,328.0,0.0,0.0,0.0
平安,passive_equity_etf_with_link,20250930,446.0,0.0,0.0,0.0
平安,passive_equity_etf_with_link,20251231,564.0,49.0,60.0,126.0
广发,passive_equity_etf_with_link,20241231,1590.0,0.0,0.0,0.0
广发,passive_equity_etf_with_link,20250930,2244.5,0.0,0.0,0.0
广发,passive_equity_etf_with_link,20251231,2899.0,76.0,456.0,777.0
招商,passive_equity_etf_with_link,20241231,374.0,0.0,0.0,0.0
招商,passive_equity_etf_with_link,20250930,602.5,0.0,0.0,0.0
招商,passive_equity_etf_with_link,20251231,831.0,64.0,91.0,302.0
摩根,passive_equity_etf_with_link,20241231,218.0,0.0,0.0,0.0
摩根,passive_equity_etf_with_link,20250930,272.5,0.0,0.0,0.0
摩根,passive_equity_etf_with_link,20251231,327.0,60.0,56.0,-8.0
易方达,passive_equity_etf_with_link,20241231,6021.0,0.0,0.0,0.0
易方达,passive_equity_etf_with_link,20250930,7407.0,0.0,0.0,0.0
易方达,passive_equity_etf_with_link,20251231,8793.0,215.0,1807.0,751.0
景顺长城,passive_equity_etf_with_link,20241231,485.0,0.0,0.0,0.0
景顺长城,passive_equity_etf_with_link,20250930,619.0,0.0,0.0,0.0
景顺长城,passive_equity_etf_with_link,20251231,753.0,57.0,135.0,76.0
永赢,passive_equity_etf_with_link,20241231,47.0,0.0,0.0,0.0
永赢,passive_equity_etf_with_link,20250930,177.0,0.0,0.0,0.0
永赢,passive_equity_etf_with_link,20251231,307.0,68.0,25.0,167.0
汇添富,passive_equity_etf_with_link,20241231,673.0,0.0,0.0,0.0
汇添富,passive_equity_etf_with_link,20250930,1084.0,0.0,0.0,0.0
汇添富,passive_equity_etf_with_link,20251231,1495.0,114.0,122.0,586.0
泰康,passive_equity_etf_with_link,20241231,134.0,0.0,0.0,0.0
泰康,passive_equity_etf_with_link,20250930,171.5,0.0,0.0,0.0
泰康,passive_equity_etf_with_link,20251231,209.0,30.0,31.0,14.0
海富通,passive_equity_etf_with_link,20241231,518.0,0.0,0.0,0.0
海富通,passive_equity_etf_with_link,20250930,909.0,0.0,0.0,0.0
海富通,passive_equity_etf_with_link,20251231,1300.0,49.0,23.0,710.0
银华,passive_equity_etf_with_link,20241231,420.0,0.0,0.0,0.0
银华,passive_equity_etf_with_link,20250930,666.5,0.0,0.0,0.0
银华,passive_equity_etf_with_link,20251231,913.0,55.0,121.0,317.0
鹏华,passive_equity_etf_with_link,20241231,549.0,0.0,0.0,0.0
鹏华,passive_equity_etf_with_link,20250930,914.0,0.0,0.0,0.0
鹏华,passive_equity_etf_with_link,20251231,1279.0,140.0,119.0,472.0
鹏扬,passive_equity_etf_with_link,20241231,91.0,0.0,0.0,0.0
鹏扬,passive_equity_etf_with_link,20250930,182.0,0.0,0.0,0.0
鹏扬,passive_equity_etf_with_link,20251231,273.0,0.0,11.0,171.0
__industry__,total,20241231,328383.0,0.0,0.0,0.0
__industry__,total,20250930,367448.0,0.0,0.0,0.0
__industry__,total,20251231,376718.0,11605.0,27541.0,9189.0
万家,total,20241231,4998.0,0.0,0.0,0.0
万家,total,20250930,5715.0,0.0,0.0,0.0
万家,total,20251231,5956.0,0.0,0.0,0.0
中欧,total,20241231,5288.0,0.0,0.0,0.0
中欧,total,20250930,7162.0,0.0,0.0,0.0
中欧,total,20251231,6973.0,0.0,0.0,0.0
中银,total,20241231,6188.0,0.0,0.0,0.0
中银,total,20250930,7102.0,0.0,0.0,0.0
中银,total,20251231,7333.0,0.0,0.0,0.0
交银施罗德,total,20241231,5378.0,0.0,0.0,0.0
交银施罗德,total,20250930,4865.0,0.0,0.0,0.0
交银施罗德,total,20251231,5026.0,0.0,0.0,0.0
兴业,total,20241231,3475.0,0.0,0.0,0.0
兴业,total,20250930,4275.0,0.0,0.0,0.0
兴业,total,20251231,4626.0,0.0,0.0,0.0
兴证全球,total,20241231,6515.0,0.0,0.0,0.0
兴证全球,total,20250930,7415.0,0.0,0.0,0.0
兴证全球,total,20251231,7491.0,0.0,0.0,0.0
华夏,total,20241231,17880.0,0.0,0.0,0.0
华夏,total,20250930,22501.0,0.0,0.0,0.0
华夏,total,20251231,22797.0,0.0,0.0,0.0
华安,total,20241231,6929.0,0.0,0.0,0.0
华安,total,20250930,7984.0,0.0,0.0,0.0
华安,total,20251231,8135.0,0.0,0.0,0.0
华宝,total,20241231,3554.0,0.0,0.0,0.0
华宝,total,20250930,4023.0,0.0,0.0,0.0
华宝,total,20251231,4165.0,0.0,0.0,0.0
华泰柏瑞,total,20241231,6774.0,0.0,0.0,0.0
华泰柏瑞,total,20250930,8084.0,0.0,0.0,0.0
华泰柏瑞,total,20251231,8452.0,0.0,0.0,0.0
南方,total,20241231,13197.0,0.0,0.0,0.0
南方,total,20250930,14844.0,0.0,0.0,0.0
南方,total,20251231,15127.0,0.0,0.0,0.0
博时,total,20241231,11255.0,0.0,0.0,0.0
博时,total,20250930,11906.0,0.0,0.0,0.0
博时,total,20251231,11574.0,0.0,0.0,0.0
嘉实,total,20241231,10413.0,0.0,0.0,0.0
嘉实,total,20250930,11990.0,0.0,0.0,0.0
嘉实,total,20251231,12255.0,0.0,0.0,0.0
国泰,total,20241231,7101.0,0.0,0.0,0.0
国泰,total,20250930,8628.0,0.0,0.0,0.0
国泰,total,20251231,9054.0,0.0,0.0,0.0
大成,total,20241231,3604.0,0.0,0.0,0.0
大成,total,20250930,4702.0,0.0,0.0,0.0
大成,total,20251231,4648.0,0.0,0.0,0.0
天弘,total,20241231,12464.0,0.0,0.0,0.0
天弘,total,20250930,13105.0,0.0,0.0,0.0
天弘,total,20251231,13130.0,0.0,0.0,0.0
富国,total,20241231,10877.0,0.0,0.0,0.0
富国,total,20250930,13648.0,0.0,0.0,0.0
富国,total,20251231,13521.0,0.0,0.0,0.0
工银瑞信,total,20241231,8467.0,0.0,0.0,0.0
工银瑞信,total,20250930,8823.0,0.0,0.0,0.0
工银瑞信,total,20251231,9067.0,0.0,0.0,0.0
平安,total,20241231,6354.0,0.0,0.0,0.0
平安,total,20250930,6823.0,0.0,0.0,0.0
平安,total,20251231,7171.0,0.0,0.0,0.0
广发,total,20241231,14663.0,0.0,0.0,0.0
广发,total,20250930,16097.0,0.0,0.0,0.0
广发,total,20251231,16632.0,0.0,0.0,0.0
建信,total,20241231,8917.0,0.0,0.0,0.0
建信,total,20250930,9683.0,0.0,0.0,0.0
建信,total,20251231,9816.0,0.0,0.0,0.0
招商,total,20241231,8882.0,0.0,0.0,0.0
招商,total,20250930,9502.0,0.0,0.0,0.0
招商,total,20251231,9774.0,0.0,0.0,0.0
易方达,total,20241231,20551.0,0.0,0.0,0.0
易方达,total,20250930,25333.0,0.0,0.0,0.0
易方达,total,20251231,25706.0,0.0,0.0,0.0
景顺长城,total,20241231,5946.0,0.0,0.0,0.0
景顺长城,total,20250930,7651.0,0.0,0.0,0.0
景顺长城,total,20251231,8101.0,0.0,0.0,0.0
永赢,total,20241231,5296.0,0.0,0.0,0.0
永赢,total,20250930,6288.0,0.0,0.0,0.0
永赢,total,20251231,6344.0,0.0,0.0,0.0
汇添富,total,20241231,9176.0,0.0,0.0,0.0
汇添富,total,20250930,11117.0,0.0,0.0,0.0
汇添富,total,20251231,11328.0,0.0,0.0,0.0
浦银安盛,total,20241231,3820.0,0.0,0.0,0.0
浦银安盛,total,20250930,3419.0,0.0,0.0,0.0
浦银安盛,total,20251231,3570.0,0.0,0.0,0.0
银华,total,20241231,5344.0,0.0,0.0,0.0
银华,total,20250930,6136.0,0.0,0.0,0.0
银华,total,20251231,6538.0,0.0,0.0,0.0
长城,total,20241231,3353.0,0.0,0.0,0.0
长城,total,20250930,3508.0,0.0,0.0,0.0
长城,total,20251231,3744.0,0.0,0.0,0.0
鹏华,total,20241231,9140.0,0.0,0.0,0.0
鹏华,total,20250930,10047.0,0.0,0.0,0.0
鹏华,total,20251231,10265.0,0.0,0.0,0.0
