company,category,date,aum,new_issue,nav_change,holding_sales
__industry__,total,20241231,322447,0,0,0
__industry__,total,20250331,327930,0,0,0
__industry__,total,20250630,344167,5430.0,7602.0,8688.0
__industry__,non_money,20241231,189180,0,0,0
__industry__,non_money,20250331,191844,0,0,0
__industry__,non_money,20250630,201856,3169.0,4436.6,5070.4
__industry__,money,20241231,133268,0,0,0
__industry__,money,20250331,136086,0,0,0
__industry__,money,20250630,142311,2260.75,3165.05,3617.2
__industry__,fixed_income,20241231,89122,0,0,0
__industry__,fixed_income,20250331,95436,0,0,0
__industry__,fixed_income,20250630,96690,1892.0,2648.8,3027.2
__industry__,passive_equity,20241231,44509,0,0,0
__industry__,passive_equity,20250331,43693,0,0,0
__industry__,passive_equity,20250630,47672,790.75,1107.05,1265.2
__industry__,active_equity,20241231,34871,0,0,0
__industry__,active_equity,20250331,34256,0,0,0
__industry__,active_equity,20250630,34725,-36.5,-51.1,-58.4
__industry__,fixed_income_plus,20241231,15618,0,0,0
__industry__,fixed_income_plus,20250331,14182,0,0,0
__industry__,fixed_income_plus,20250630,16628,252.5,353.5,404.0
__industry__,fof,20241231,1491.3,0,0,0
__industry__,fof,20250331,1574.1499999999999,0,0,0
__industry__,fof,20250630,1657.0,0,0,0
易方达基金,total,20250630,21650,110.52,171.92,945.56
易方达基金,total,20250331,20626,0,0,0
易方达基金,total,20241231,20422,0,0,0
易方达基金,money,20250630,6415.0,0,43,145
易方达基金,money,20250331,6320.5,0,0,0
易方达基金,money,20241231,6226.0,0,0,0
易方达基金,non_money,20250630,15236,95.15,129.75,640.1
易方达基金,non_money,20250331,14515,0,0,0
易方达基金,non_money,20241231,14371,0,0,0
华夏基金,total,20250630,21004,718.29,374.76,2029.95
华夏基金,total,20250331,18059,0,0,0
华夏基金,total,20241231,17881,0,0,0
华夏基金,money,20250630,7746.0,0,39,2210
华夏基金,money,20250331,6621.5,0,0,0
华夏基金,money,20241231,5497.0,0,0,0
华夏基金,non_money,20250630,13258,354.96,236.64,1380.4
华夏基金,non_money,20250331,11399,0,0,0
华夏基金,non_money,20241231,11286,0,0,0
广发基金,total,20250630,15097,148.56,191.89,278.55
广发基金,total,20250331,14622,0,0,0
广发基金,total,20241231,14478,0,0,0
广发基金,money,20250630,6149,27.83,30.36,194.81
广发基金,money,20250331,5955,0,0,0
广发基金,money,20241231,5896,0,0,0
广发基金,non_money,20250630,8948,47.71,58.72,260.57
广发基金,non_money,20250331,8666,0,0,0
广发基金,non_money,20241231,8581,0,0,0
南方基金,total,20250630,13850,45.71,163.25,444.04
南方基金,total,20250331,13328,0,0,0
南方基金,total,20241231,13197,0,0,0
南方基金,money,20250630,6419,18.18,72.72,212.1
南方基金,money,20250331,6177,0,0,0
南方基金,money,20241231,6116,0,0,0
南方基金,non_money,20250630,7431,56.16,101.79,193.05
南方基金,non_money,20250331,7150,0,0,0
南方基金,non_money,20241231,7080,0,0,0
天弘基金,total,20250630,12899,79.05,106.95,279.0
天弘基金,total,20250331,12558,0,0,0
天弘基金,total,20241231,12434,0,0,0
天弘基金,money,20250630,8541.0,0,54,162
天弘基金,money,20250331,8432.5,0,0,0
天弘基金,money,20241231,8324.0,0,0,0
天弘基金,non_money,20250630,4358,34.76,41.08,82.16
天弘基金,non_money,20250331,4242,0,0,0
天弘基金,non_money,20241231,4200,0,0,0
富国基金,total,20250630,11951,247.02,214.8,612.18
富国基金,total,20250331,10985,0,0,0
富国基金,total,20241231,10877,0,0,0
富国基金,money,20250630,4289,42.46,11.58,331.96
富国基金,money,20250331,3942,0,0,0
富国基金,money,20241231,3903,0,0,0
富国基金,non_money,20250630,7663,158.47,137.8,392.73
富国基金,non_money,20250331,7043,0,0,0
富国基金,non_money,20241231,6974,0,0,0
嘉实基金,total,20250630,11351,234.25,318.58,384.17
嘉实基金,total,20250331,10518,0,0,0
嘉实基金,total,20241231,10414,0,0,0
嘉实基金,money,20250630,3731,6.16,89.32,212.52
嘉实基金,money,20250331,3457,0,0,0
嘉实基金,money,20241231,3423,0,0,0
嘉实基金,non_money,20250630,7620,132.3,176.4,321.3
嘉实基金,non_money,20250331,7060,0,0,0
嘉实基金,non_money,20241231,6990,0,0,0
博时基金,total,20250630,11324,17.25,31.05,66.7
博时基金,total,20250331,11321,0,0,0
博时基金,total,20241231,11209,0,0,0
博时基金,money,20250630,4590,7.05,10.34,29.61
博时基金,money,20250331,4588,0,0,0
博时基金,money,20241231,4543,0,0,0
博时基金,non_money,20250630,6734,11.73,17.94,39.33
博时基金,non_money,20250331,6732,0,0,0
博时基金,non_money,20241231,6665,0,0,0
汇添富基金,total,20250630,10038,169.92,217.12,556.96
汇添富基金,total,20250331,9184,0,0,0
汇添富基金,total,20241231,9094,0,0,0
汇添富基金,money,20250630,4458,117.6,50.4,252.0
汇添富基金,money,20250331,4078,0,0,0
汇添富基金,money,20241231,4038,0,0,0
汇添富基金,non_money,20250630,5580,73.5,141.75,309.75
汇添富基金,non_money,20250331,5105,0,0,0
汇添富基金,non_money,20241231,5055,0,0,0
鹏华基金,total,20250630,9501,30.32,90.96,257.72
鹏华基金,total,20250331,9213,0,0,0
鹏华基金,total,20241231,9122,0,0,0
鹏华基金,money,20250630,4657,22.32,11.16,152.52
鹏华基金,money,20250331,4515,0,0,0
鹏华基金,money,20241231,4471,0,0,0
鹏华基金,non_money,20250630,4844,42.68,54.32,97.0
鹏华基金,non_money,20250331,4697,0,0,0
鹏华基金,non_money,20241231,4650,0,0,0
建信基金,total,20250630,9297,80.01,53.34,247.65
建信基金,total,20250331,9005,0,0,0
建信基金,total,20241231,8916,0,0,0
建信基金,money,20250630,7346,27.18,51.34,223.48
建信基金,money,20250331,7115,0,0,0
建信基金,money,20241231,7044,0,0,0
建信基金,non_money,20250630,1952,17.6,8.8,53.6
建信基金,non_money,20250331,1890,0,0,0
建信基金,non_money,20241231,1872,0,0,0
招商基金,total,20250630,9062,13.6,54.4,102.0
招商基金,total,20250331,8980,0,0,0
招商基金,total,20241231,8892,0,0,0
招商基金,money,20250630,3738,13.49,6.39,51.12
招商基金,money,20250331,3704,0,0,0
招商基金,money,20241231,3667,0,0,0
招商基金,non_money,20250630,5324,13.0,19.0,68.0
招商基金,non_money,20250331,5275,0,0,0
招商基金,non_money,20241231,5224,0,0,0
工银瑞信基金,total,20250630,7985,-82.26,-68.55,-306.19
工银瑞信基金,total,20250331,8526,0,0,0
工银瑞信基金,total,20241231,8442,0,0,0
工银瑞信基金,money,20250630,3739,-10.65,-31.95,-170.4
工银瑞信基金,money,20250331,3992,0,0,0
工银瑞信基金,money,20241231,3952,0,0,0
工银瑞信基金,non_money,20250630,4246,-24.3,-43.74,-174.96
工银瑞信基金,non_money,20250331,4533,0,0,0
工银瑞信基金,non_money,20241231,4489,0,0,0
国泰基金,total,20250630,7651,87.84,54.9,406.26
国泰基金,total,20250331,7173,0,0,0
国泰基金,total,20241231,7102,0,0,0
国泰基金,money,20250630,3291,7.11,2.37,227.52
国泰基金,money,20250331,3085,0,0,0
国泰基金,money,20241231,3054,0,0,0
国泰基金,non_money,20250630,4360,53.21,106.42,153.37
国泰基金,non_money,20250331,4087,0,0,0
国泰基金,non_money,20241231,4047,0,0,0
华安基金,total,20250630,7489,35.46,94.56,460.98
华安基金,total,20250331,6966,0,0,0
华安基金,total,20241231,6898,0,0,0
华安基金,money,20250630,3039,48.0,57.6,134.4
华安基金,money,20250331,2826,0,0,0
华安基金,money,20241231,2799,0,0,0
华安基金,non_money,20250630,4450,91.52,38.72,221.76
华安基金,non_money,20250331,4139,0,0,0
华安基金,non_money,20241231,4098,0,0,0
华泰柏瑞基金,total,20250630,7081,55.08,52.02,198.9
华泰柏瑞基金,total,20250331,6842,0,0,0
华泰柏瑞基金,total,20241231,6775,0,0,0
华泰柏瑞基金,money,20250630,874,3.8,7.98,26.22
华泰柏瑞基金,money,20250331,844,0,0,0
华泰柏瑞基金,money,20241231,836,0,0,0
华泰柏瑞基金,non_money,20250630,6207,45.73,48.42,174.85
华泰柏瑞基金,non_money,20250331,5997,0,0,0
华泰柏瑞基金,non_money,20241231,5938,0,0,0
兴证全球基金,total,20250630,7034,134.94,134.94,249.12
兴证全球基金,total,20250331,6580,0,0,0
兴证全球基金,total,20241231,6515,0,0,0
兴证全球基金,money,20250630,4140,82.62,6.12,217.26
兴证全球基金,money,20250331,3872,0,0,0
兴证全球基金,money,20241231,3834,0,0,0
兴证全球基金,non_money,20250630,2894,19.26,64.2,130.54
兴证全球基金,non_money,20250331,2707,0,0,0
兴证全球基金,non_money,20241231,2680,0,0,0
中银基金,total,20250630,6771,69.96,151.58,361.46
中银基金,total,20250331,6249,0,0,0
中银基金,total,20241231,6188,0,0,0
中银基金,money,20250630,3590,9.3,80.6,220.1
中银基金,money,20250331,3313,0,0,0
中银基金,money,20241231,3280,0,0,0
中银基金,non_money,20250630,3181,21.92,27.4,224.68
中银基金,non_money,20250331,2935,0,0,0
中银基金,non_money,20241231,2907,0,0,0
平安基金,total,20250630,6602,57.27,69.72,122.01
平安基金,total,20250331,6416,0,0,0
平安基金,total,20241231,6353,0,0,0
平安基金,money,20250630,4037,21.42,19.89,111.69
平安基金,money,20250331,3923,0,0,0
平安基金,money,20241231,3884,0,0,0
平安基金,non_money,20250630,2565,17.46,17.46,62.08
平安基金,non_money,20250331,2492,0,0,0
平安基金,non_money,20241231,2468,0,0,0
景顺长城基金,total,20250630,6575,44.03,150.96,434.01
景顺长城基金,total,20250331,6005,0,0,0
景顺长城基金,total,20241231,5946,0,0,0
景顺长城基金,money,20250630,1854,33.82,16.02,128.16
景顺长城基金,money,20250331,1693,0,0,0
景顺长城基金,money,20241231,1676,0,0,0
景顺长城基金,non_money,20250630,4721,76.84,94.92,280.24
景顺长城基金,non_money,20250331,4311,0,0,0
景顺长城基金,non_money,20241231,4269,0,0,0
中欧基金,total,20250630,6139,144.5,102.0,603.5
中欧基金,total,20250331,5341,0,0,0
中欧基金,total,20241231,5289,0,0,0
中欧基金,money,20250630,2414,16.75,67.0,251.25
中欧基金,money,20250331,2100,0,0,0
中欧基金,money,20241231,2079,0,0,0
中欧基金,non_money,20250630,3724,139.32,170.28,206.4
中欧基金,non_money,20250331,3239,0,0,0
中欧基金,non_money,20241231,3208,0,0,0
银华基金,total,20250630,5806,60.06,46.2,355.74
银华基金,total,20250331,5397,0,0,0
银华基金,total,20241231,5344,0,0,0
银华基金,money,20250630,3384.0,0,19,472
银华基金,money,20250331,3138.5,0,0,0
银华基金,money,20241231,2893.0,0,0,0
银华基金,non_money,20250630,2423,42.46,28.95,121.59
银华基金,non_money,20250331,2252,0,0,0
银华基金,non_money,20241231,2230,0,0,0
永赢基金,total,20250630,5447,9.06,15.1,126.84
永赢基金,total,20250331,5348,0,0,0
永赢基金,total,20241231,5296,0,0,0
永赢基金,money,20250630,1861,2.08,11.96,37.96
永赢基金,money,20250331,1827,0,0,0
永赢基金,money,20241231,1809,0,0,0
永赢基金,non_money,20250630,3585,18.0,20.0,62.0
永赢基金,non_money,20250331,3519,0,0,0
永赢基金,non_money,20241231,3485,0,0,0
万家基金,total,20250630,5099,8.4,29.4,102.2
万家基金,total,20250331,5008,0,0,0
万家基金,total,20241231,4959,0,0,0
万家基金,money,20250630,3568,11.76,17.64,68.6
万家基金,money,20250331,3504,0,0,0
万家基金,money,20241231,3470,0,0,0
万家基金,non_money,20250630,1531,7.74,5.16,30.1
万家基金,non_money,20250331,1503,0,0,0
万家基金,non_money,20241231,1488,0,0,0
交银施罗德基金,total,20250630,4985,-58.95,-51.09,-282.96
交银施罗德基金,total,20250331,5431,0,0,0
交银施罗德基金,total,20241231,5378,0,0,0
交银施罗德基金,money,20250630,2457,-54.04,-52.11,-86.85
交银施罗德基金,money,20250331,2676,0,0,0
交银施罗德基金,money,20241231,2650,0,0,0
交银施罗德基金,non_money,20250630,2528,-47.76,-51.74,-99.5
交银施罗德基金,non_money,20250331,2754,0,0,0
交银施罗德基金,non_money,20241231,2727,0,0,0
兴业基金,total,20250630,4480,251.25,110.55,643.2
兴业基金,total,20250331,3509,0,0,0
兴业基金,total,20241231,3475,0,0,0
兴业基金,money,20250630,1740,50.83,11.73,328.44
兴业基金,money,20250331,1362,0,0,0
兴业基金,money,20241231,1349,0,0,0
兴业基金,non_money,20250630,2741,116.85,61.5,436.65
兴业基金,non_money,20250331,2146,0,0,0
兴业基金,non_money,20241231,2126,0,0,0
大成基金,total,20250630,4324,43.98,95.29,593.73
大成基金,total,20250331,3626,0,0,0
大成基金,total,20241231,3591,0,0,0
大成基金,money,20250630,1763,26.91,83.72,188.37
大成基金,money,20250331,1478,0,0,0
大成基金,money,20241231,1464,0,0,0
大成基金,non_money,20250630,2561,26.1,47.85,361.05
大成基金,non_money,20250331,2147,0,0,0
大成基金,non_money,20241231,2126,0,0,0
浦银安盛基金,total,20250630,3617,-44.66,-64.96,-93.38
浦银安盛基金,total,20250331,3858,0,0,0
浦银安盛基金,total,20241231,3820,0,0,0
浦银安盛基金,money,20250630,1917,-21.4,-9.63,-75.97
浦银安盛基金,money,20250331,2044,0,0,0
浦银安盛基金,money,20241231,2024,0,0,0
浦银安盛基金,non_money,20250630,1699,-18.05,-26.6,-50.35
浦银安盛基金,non_money,20250331,1812,0,0,0
浦银安盛基金,non_money,20241231,1794,0,0,0
华宝基金,total,20250630,3557,0.6,0.36,2.04
华宝基金,total,20250331,3589,0,0,0
华宝基金,total,20241231,3554,0,0,0
华宝基金,money,20250630,1772,0.18,0.26,1.56
华宝基金,money,20250331,1787,0,0,0
华宝基金,money,20241231,1770,0,0,0
华宝基金,non_money,20250630,1785,0.4,0.2,1.4
华宝基金,non_money,20250331,1801,0,0,0
华宝基金,non_money,20241231,1783,0,0,0
长城基金,total,20250630,3479,20.32,34.29,72.39
长城基金,total,20250331,3385,0,0,0
长城基金,total,20241231,3352,0,0,0
长城基金,money,20250630,2084,2.31,18.48,56.21
长城基金,money,20250331,2027,0,0,0
长城基金,money,20241231,2007,0,0,0
长城基金,non_money,20250630,1395,7.65,10.2,33.15
长城基金,non_money,20250331,1357,0,0,0
长城基金,non_money,20241231,1344,0,0,0
易方达基金,active_equity,20250630,2430.0,17,124,-226
易方达基金,active_equity,20250331,2480.5,0,0,0
易方达基金,active_equity,20241231,2531.0,0,0,0
广发基金,active_equity,20250630,1899.0,37,101,-108
广发基金,active_equity,20250331,1883.5,0,0,0
广发基金,active_equity,20241231,1868.0,0,0,0
银华基金,active_equity,20250630,719.0,10,52,-46
银华基金,active_equity,20250331,710.5,0,0,0
银华基金,active_equity,20241231,702.0,0,0,0
永赢基金,active_equity,20250630,413.0,4,23,219
永赢基金,active_equity,20250331,290.5,0,0,0
永赢基金,active_equity,20241231,168.0,0,0,0
鹏华基金,active_equity,20250630,762.0,7,65,48
鹏华基金,active_equity,20250331,702.5,0,0,0
鹏华基金,active_equity,20241231,643.0,0,0,0
中欧基金,active_equity,20250630,1824.0,21,144,-10
中欧基金,active_equity,20250331,1747.0,0,0,0
中欧基金,active_equity,20241231,1670.0,0,0,0
易方达基金,passive_equity,20241231,6104.84,0,0,0
易方达基金,passive_equity,20250331,6837.42,0,0,0
易方达基金,passive_equity,20250630,7570,293.03,439.55,732.58
易方达基金,fixed_income_plus,20241231,1895.0,0,0,0
易方达基金,fixed_income_plus,20250331,1969.0,0,0,0
易方达基金,fixed_income_plus,20250630,2043.0,0,34,77
易方达基金,fixed_income,20241231,2280.0,0,0,0
易方达基金,fixed_income,20250331,2408.0,0,0,0
易方达基金,fixed_income,20250630,2536.0,46,21,210
易方达基金,fof,20241231,106.0,0,0,0
易方达基金,fof,20250331,121.0,0,0,0
易方达基金,fof,20250630,136.0,3,3,23
易方达基金,passive_equity_etf_with_link,20241231,5760.0,0,0,0
易方达基金,passive_equity_etf_with_link,20250331,5977.0,0,0,0
易方达基金,passive_equity_etf_with_link,20250630,6194.0,47,218,168
易方达基金,passive_equity_etf_no_link,20241231,4906.0,0,0,0
易方达基金,passive_equity_etf_no_link,20250331,5063.0,0,0,0
易方达基金,passive_equity_etf_no_link,20250630,5220.0,47,178,89
华夏基金,active_equity,20241231,1360.0,0,0,0
华夏基金,active_equity,20250331,1345.5,0,0,0
华夏基金,active_equity,20250630,1331.0,8,60,-96
华夏基金,passive_equity,20241231,6619.35,0,0,0
华夏基金,passive_equity,20250331,7413.68,0,0,0
华夏基金,passive_equity,20250630,8208,317.73,476.59,794.32
华夏基金,fixed_income_plus,20241231,621.21,0,0,0
华夏基金,fixed_income_plus,20250331,618.11,0,0,0
华夏基金,fixed_income_plus,20250630,615,0,-1.86,-4.35
华夏基金,fixed_income,20241231,2460.0,0,0,0
华夏基金,fixed_income,20250331,2508.0,0,0,0
华夏基金,fixed_income,20250630,2556.0,50,18,-11
华夏基金,fof,20241231,85.0,0,0,0
华夏基金,fof,20250331,87.5,0,0,0
华夏基金,fof,20250630,90.0,11,3,-9
华夏基金,passive_equity_etf_with_link,20241231,6527.0,0,0,0
华夏基金,passive_equity_etf_with_link,20250331,6875.5,0,0,0
华夏基金,passive_equity_etf_with_link,20250630,7224.0,47,302,349
华夏基金,passive_equity_etf_no_link,20241231,5793.0,0,0,0
华夏基金,passive_equity_etf_no_link,20250331,6123.5,0,0,0
华夏基金,passive_equity_etf_no_link,20250630,6454.0,47,257,357
广发基金,passive_equity,20241231,1830.79,0,0,0
广发基金,passive_equity,20250331,1968.1,0,0,0
广发基金,passive_equity,20250630,2105.41,54.92,82.39,137.31
广发基金,fixed_income_plus,20241231,1036.76,0,0,0
广发基金,fixed_income_plus,20250331,1088.59,0,0,0
广发基金,fixed_income_plus,20250630,1140.43,20.74,31.1,51.84
广发基金,fixed_income,20241231,3651.0,0,0,0
广发基金,fixed_income,20250331,3745.5,0,0,0
广发基金,fixed_income,20250630,3840.0,46,30,118
广发基金,fof,20241231,69.0,0,0,0
广发基金,fof,20250331,68.5,0,0,0
广发基金,fof,20250630,68.0,1,3,-5
广发基金,passive_equity_etf_with_link,20241231,1672.52,0,0,0
广发基金,passive_equity_etf_with_link,20250331,1731.06,0,0,0
广发基金,passive_equity_etf_with_link,20250630,1789.6,23.42,35.12,58.54
广发基金,passive_equity_etf_no_link,20241231,1601.94,0,0,0
广发基金,passive_equity_etf_no_link,20250331,1537.87,0,0,0
广发基金,passive_equity_etf_no_link,20250630,1473.79,0,-38.45,-89.71
南方基金,active_equity,20241231,1083.0,0,0,0
南方基金,active_equity,20250331,1072.0,0,0,0
南方基金,active_equity,20250630,1061.0,15,69,-106
南方基金,passive_equity,20241231,1016.45,0,0,0
南方基金,passive_equity,20250331,996.12,0,0,0
南方基金,passive_equity,20250630,975.79,0,-12.2,-28.46
南方基金,fixed_income_plus,20241231,1334.41,0,0,0
南方基金,fixed_income_plus,20250331,1267.69,0,0,0
南方基金,fixed_income_plus,20250630,1200.97,0,-40.03,-93.41
南方基金,fixed_income,20241231,2336.0,0,0,0
南方基金,fixed_income,20250331,2468.5,0,0,0
南方基金,fixed_income,20250630,2601.0,30,20,226
南方基金,fof,20241231,79.0,0,0,0
南方基金,fof,20250331,90.0,0,0,0
南方基金,fof,20250630,101.0,36,2,-15
南方基金,passive_equity_etf_with_link,20241231,696.99,0,0,0
南方基金,passive_equity_etf_with_link,20250331,763.21,0,0,0
南方基金,passive_equity_etf_with_link,20250630,829.42,26.49,39.73,66.21
南方基金,passive_equity_etf_no_link,20241231,588.84,0,0,0
南方基金,passive_equity_etf_no_link,20250331,635.94,0,0,0
南方基金,passive_equity_etf_no_link,20250630,683.05,18.84,28.26,47.11
天弘基金,active_equity,20241231,1160.76,0,0,0
天弘基金,active_equity,20250331,1120.13,0,0,0
天弘基金,active_equity,20250630,1079.5,0,-24.38,-56.88
天弘基金,passive_equity,20241231,1028.1,0,0,0
天弘基金,passive_equity,20250331,1053.8,0,0,0
天弘基金,passive_equity,20250630,1079.5,10.28,15.42,25.7
天弘基金,fixed_income_plus,20241231,827.21,0,0,0
天弘基金,fixed_income_plus,20250331,893.38,0,0,0
天弘基金,fixed_income_plus,20250630,959.56,26.47,39.71,66.18
天弘基金,fixed_income,20241231,323.08,0,0,0
天弘基金,fixed_income,20250331,321.47,0,0,0
天弘基金,fixed_income,20250630,319.85,0,-0.97,-2.26
天弘基金,fof,20241231,35.2,0,0,0
天弘基金,fof,20250331,36.33,0,0,0
天弘基金,fof,20250630,37.45,0.43,0.22,1.6
天弘基金,passive_equity_etf_with_link,20241231,1008.33,0,0,0
天弘基金,passive_equity_etf_with_link,20250331,962.95,0,0,0
天弘基金,passive_equity_etf_with_link,20250630,917.58,0,-27.22,-63.52
天弘基金,passive_equity_etf_no_link,20241231,651.43,0,0,0
天弘基金,passive_equity_etf_no_link,20250331,703.54,0,0,0
天弘基金,passive_equity_etf_no_link,20250630,755.65,20.85,31.27,52.11
富国基金,active_equity,20241231,1674.0,0,0,0
富国基金,active_equity,20250331,1740.0,0,0,0
富国基金,active_equity,20250630,1806.0,50,155,-66
富国基金,passive_equity,20241231,2253.07,0,0,0
富国基金,passive_equity,20250331,2174.21,0,0,0
富国基金,passive_equity,20250630,2095.35,0,-47.31,-110.4
富国基金,fixed_income_plus,20241231,1263.25,0,0,0
富国基金,fixed_income_plus,20250331,1320.1,0,0,0
富国基金,fixed_income_plus,20250630,1376.95,22.74,34.11,56.85
富国基金,fixed_income,20241231,2904.0,0,0,0
富国基金,fixed_income,20250331,2975.5,0,0,0
富国基金,fixed_income,20250630,3047.0,22,25,98
富国基金,fof,20241231,30.0,0,0,0
富国基金,fof,20250331,44.0,0,0,0
富国基金,fof,20250630,58.0,60,2,-32
富国基金,passive_equity_etf_with_link,20241231,2001.18,0,0,0
富国基金,passive_equity_etf_with_link,20250331,1891.11,0,0,0
富国基金,passive_equity_etf_with_link,20250630,1781.05,0,-66.04,-154.09
富国基金,passive_equity_etf_no_link,20241231,1264.44,0,0,0
富国基金,passive_equity_etf_no_link,20250331,1365.59,0,0,0
富国基金,passive_equity_etf_no_link,20250630,1466.75,40.46,60.69,101.15
嘉实基金,active_equity,20241231,1387.0,0,0,0
嘉实基金,active_equity,20250331,1368.5,0,0,0
嘉实基金,active_equity,20250630,1350.0,9,85,-131
嘉实基金,passive_equity,20241231,1782.46,0,0,0
嘉实基金,passive_equity,20250331,1737.89,0,0,0
嘉实基金,passive_equity,20250630,1693.33,0,-26.74,-62.39
嘉实基金,fixed_income_plus,20241231,1787.41,0,0,0
嘉实基金,fixed_income_plus,20250331,1698.04,0,0,0
嘉实基金,fixed_income_plus,20250630,1608.67,0,-53.62,-125.12
嘉实基金,fixed_income,20241231,2683.0,0,0,0
嘉实基金,fixed_income,20250331,2742.5,0,0,0
嘉实基金,fixed_income,20250630,2802.0,27,20,72
嘉实基金,fof,20241231,36.0,0,0,0
嘉实基金,fof,20250331,31.0,0,0,0
嘉实基金,fof,20250630,26.0,0,1,-11
嘉实基金,passive_equity_etf_with_link,20241231,1397.41,0,0,0
嘉实基金,passive_equity_etf_with_link,20250331,1418.37,0,0,0
嘉实基金,passive_equity_etf_with_link,20250630,1439.33,8.38,12.58,20.96
嘉实基金,passive_equity_etf_no_link,20241231,1139.74,0,0,0
嘉实基金,passive_equity_etf_no_link,20250331,1162.54,0,0,0
嘉实基金,passive_equity_etf_no_link,20250630,1185.33,9.12,13.68,22.79
博时基金,active_equity,20241231,641.0,0,0,0
博时基金,active_equity,20250331,645.0,0,0,0
博时基金,active_equity,20250630,649.0,5,38,-34
博时基金,passive_equity,20241231,516.02,0,0,0
博时基金,passive_equity,20250331,482.47,0,0,0
博时基金,passive_equity,20250630,448.93,0,-20.12,-46.96
博时基金,fixed_income_plus,20241231,1236.0,0,0,0
博时基金,fixed_income_plus,20250331,1316.34,0,0,0
博时基金,fixed_income_plus,20250630,1396.68,32.14,48.2,80.34
博时基金,fixed_income,20241231,3966.0,0,0,0
博时基金,fixed_income,20250331,3824.0,0,0,0
博时基金,fixed_income,20250630,3682.0,30,29,-336
博时基金,fof,20241231,5.0,0,0,0
博时基金,fof,20250331,42.5,0,0,0
博时基金,fof,20250630,80.0,0,0,75
博时基金,passive_equity_etf_with_link,20241231,374.11,0,0,0
博时基金,passive_equity_etf_with_link,20250331,377.85,0,0,0
博时基金,passive_equity_etf_with_link,20250630,381.59,1.5,2.24,3.74
博时基金,passive_equity_etf_no_link,20241231,330.79,0,0,0
博时基金,passive_equity_etf_no_link,20250331,322.52,0,0,0
博时基金,passive_equity_etf_no_link,20250630,314.25,0,-4.96,-11.58
汇添富基金,active_equity,20241231,1453.0,0,0,0
汇添富基金,active_equity,20250331,1470.5,0,0,0
汇添富基金,active_equity,20250630,1488.0,10,113,-88
汇添富基金,passive_equity,20241231,664.29,0,0,0
汇添富基金,passive_equity,20250331,704.14,0,0,0
汇添富基金,passive_equity,20250630,744.0,15.94,23.91,39.86
汇添富基金,fixed_income_plus,20241231,372.93,0,0,0
汇添富基金,fixed_income_plus,20250331,399.04,0,0,0
汇添富基金,fixed_income_plus,20250630,425.14,10.44,15.66,26.11
汇添富基金,fixed_income,20241231,1914.0,0,0,0
汇添富基金,fixed_income,20250331,2076.0,0,0,0
汇添富基金,fixed_income,20250630,2238.0,0,16,308
汇添富基金,fof,20241231,68.0,0,0,0
汇添富基金,fof,20250331,65.0,0,0,0
汇添富基金,fof,20250630,62.0,1,3,-10
汇添富基金,passive_equity_etf_with_link,20241231,574.91,0,0,0
汇添富基金,passive_equity_etf_with_link,20250331,603.65,0,0,0
汇添富基金,passive_equity_etf_with_link,20250630,632.4,11.5,17.25,28.75
汇添富基金,passive_equity_etf_no_link,20241231,510.59,0,0,0
汇添富基金,passive_equity_etf_no_link,20250331,515.69,0,0,0
汇添富基金,passive_equity_etf_no_link,20250630,520.8,2.04,3.06,5.11
鹏华基金,passive_equity,20241231,1019.77,0,0,0
鹏华基金,passive_equity,20250331,948.38,0,0,0
鹏华基金,passive_equity,20250630,877,0,-42.83,-99.94
鹏华基金,fixed_income_plus,20241231,451.0,0,0,0
鹏华基金,fixed_income_plus,20250331,451.0,0,0,0
鹏华基金,fixed_income_plus,20250630,451,0.0,0.0,0.0
鹏华基金,fixed_income,20241231,2629.0,0,0,0
鹏华基金,fixed_income,20250331,2656.0,0,0,0
鹏华基金,fixed_income,20250630,2683.0,45,24,-18
鹏华基金,fof,20241231,14.61,0,0,0
鹏华基金,fof,20250331,15.33,0,0,0
鹏华基金,fof,20250630,16.05,0.29,0.43,0.72
鹏华基金,passive_equity_etf_with_link,20241231,443.33,0,0,0
鹏华基金,passive_equity_etf_with_link,20250331,487.67,0,0,0
鹏华基金,passive_equity_etf_with_link,20250630,532,17.73,26.6,44.33
鹏华基金,passive_equity_etf_no_link,20241231,402.59,0,0,0
鹏华基金,passive_equity_etf_no_link,20250331,434.79,0,0,0
鹏华基金,passive_equity_etf_no_link,20250630,467,12.88,19.32,32.21
建信基金,active_equity,20241231,416.98,0,0,0
建信基金,active_equity,20250331,427.41,0,0,0
建信基金,active_equity,20250630,437.83,4.17,6.25,10.42
建信基金,passive_equity,20241231,445.94,0,0,0
建信基金,passive_equity,20250331,423.64,0,0,0
建信基金,passive_equity,20250630,401.35,0,-13.38,-31.22
建信基金,fixed_income_plus,20241231,252.3,0,0,0
建信基金,fixed_income_plus,20250331,244.73,0,0,0
建信基金,fixed_income_plus,20250630,237.16,0,-4.54,-10.6
建信基金,fixed_income,20241231,456.07,0,0,0
建信基金,fixed_income,20250331,437.83,0,0,0
建信基金,fixed_income,20250630,419.59,0,-10.95,-25.54
建信基金,fof,20241231,0.75,0,0,0
建信基金,fof,20250331,11.61,0,0,0
建信基金,fof,20250630,22.47,4.34,6.52,10.86
建信基金,passive_equity_etf_with_link,20241231,275.12,0,0,0
建信基金,passive_equity_etf_with_link,20250331,308.13,0,0,0
建信基金,passive_equity_etf_with_link,20250630,341.14,13.21,19.81,33.01
建信基金,passive_equity_etf_no_link,20241231,275.43,0,0,0
建信基金,passive_equity_etf_no_link,20250331,278.19,0,0,0
建信基金,passive_equity_etf_no_link,20250630,280.94,1.1,1.65,2.75
招商基金,active_equity,20241231,603.0,0,0,0
招商基金,active_equity,20250331,605.5,0,0,0
招商基金,active_equity,20250630,608.0,13,56,-56
招商基金,passive_equity,20241231,253.86,0,0,0
招商基金,passive_equity,20250331,262.75,0,0,0
招商基金,passive_equity,20250630,271.63,3.55,5.33,8.89
招商基金,fixed_income_plus,20241231,1790.98,0,0,0
招商基金,fixed_income_plus,20250331,1710.39,0,0,0
招商基金,fixed_income_plus,20250630,1629.8,0,-48.36,-112.83
招商基金,fixed_income,20241231,3184.0,0,0,0
招商基金,fixed_income,20250331,3078.0,0,0,0
招商基金,fixed_income,20250630,2972.0,15,21,-247
招商基金,fof,20241231,23.0,0,0,0
招商基金,fof,20250331,37.5,0,0,0
招商基金,fof,20250630,52.0,30,1,-2
招商基金,passive_equity_etf_with_link,20241231,243.04,0,0,0
招商基金,passive_equity_etf_with_link,20250331,236.96,0,0,0
招商基金,passive_equity_etf_with_link,20250630,230.89,0,-3.65,-8.51
招商基金,passive_equity_etf_no_link,20241231,179.38,0,0,0
招商基金,passive_equity_etf_no_link,20250331,184.76,0,0,0
招商基金,passive_equity_etf_no_link,20250630,190.14,2.15,3.23,5.38
工银瑞信基金,active_equity,20241231,971.0,0,0,0
工银瑞信基金,active_equity,20250331,966.5,0,0,0
工银瑞信基金,active_equity,20250630,962.0,2,62,-73
工银瑞信基金,passive_equity,20241231,261.52,0,0,0
工银瑞信基金,passive_equity,20250331,260.21,0,0,0
工银瑞信基金,passive_equity,20250630,258.9,0,-0.78,-1.83
工银瑞信基金,fixed_income_plus,20241231,1510.26,0,0,0
工银瑞信基金,fixed_income_plus,20250331,1480.06,0,0,0
工银瑞信基金,fixed_income_plus,20250630,1449.85,0,-18.12,-42.29
工银瑞信基金,fixed_income,20241231,320.76,0,0,0
工银瑞信基金,fixed_income,20250331,341.61,0,0,0
工银瑞信基金,fixed_income,20250630,362.46,8.34,12.51,20.85
工银瑞信基金,fof,20241231,29.0,0,0,0
工银瑞信基金,fof,20250331,31.0,0,0,0
工银瑞信基金,fof,20250630,33.0,0,2,2
工银瑞信基金,passive_equity_etf_with_link,20241231,181.87,0,0,0
工银瑞信基金,passive_equity_etf_with_link,20250331,200.97,0,0,0
工银瑞信基金,passive_equity_etf_with_link,20250630,220.07,7.64,11.46,19.1
工银瑞信基金,passive_equity_etf_no_link,20241231,167.81,0,0,0
工银瑞信基金,passive_equity_etf_no_link,20250331,174.52,0,0,0
工银瑞信基金,passive_equity_etf_no_link,20250630,181.23,2.68,4.03,6.71
国泰基金,active_equity,20241231,254.08,0,0,0
国泰基金,active_equity,20250331,238.83,0,0,0
国泰基金,active_equity,20250630,223.59,0,-9.15,-21.34
国泰基金,passive_equity,20241231,1328.26,0,0,0
国泰基金,passive_equity,20250331,1334.9,0,0,0
国泰基金,passive_equity,20250630,1341.54,2.66,3.98,6.64
国泰基金,fixed_income_plus,20241231,1368.92,0,0,0
国泰基金,fixed_income_plus,20250331,1355.23,0,0,0
国泰基金,fixed_income_plus,20250630,1341.54,0,-8.21,-19.16
国泰基金,fixed_income,20241231,669.93,0,0,0
国泰基金,fixed_income,20250331,633.09,0,0,0
国泰基金,fixed_income,20250630,596.24,0,-22.11,-51.58
国泰基金,fof,20241231,27.25,0,0,0
国泰基金,fof,20250331,27.67,0,0,0
国泰基金,fof,20250630,28.09,0.09,0.09,0.66
国泰基金,passive_equity_etf_with_link,20241231,1200.32,0,0,0
国泰基金,passive_equity_etf_with_link,20250331,1170.32,0,0,0
国泰基金,passive_equity_etf_with_link,20250630,1140.31,0,-18.0,-42.01
国泰基金,passive_equity_etf_no_link,20241231,1020.74,0,0,0
国泰基金,passive_equity_etf_no_link,20250331,979.91,0,0,0
国泰基金,passive_equity_etf_no_link,20250630,939.08,0,-24.5,-57.16
华安基金,active_equity,20241231,819.0,0,0,0
华安基金,active_equity,20250331,798.5,0,0,0
华安基金,active_equity,20250630,778.0,6,34,-81
华安基金,passive_equity,20241231,966.1,0,0,0
华安基金,passive_equity,20250331,1009.58,0,0,0
华安基金,passive_equity,20250630,1053.05,17.39,26.08,43.47
华安基金,fixed_income_plus,20241231,806.06,0,0,0
华安基金,fixed_income_plus,20250331,878.6,0,0,0
华安基金,fixed_income_plus,20250630,951.15,29.02,43.53,72.54
华安基金,fixed_income,20241231,799.28,0,0,0
华安基金,fixed_income,20250331,807.27,0,0,0
华安基金,fixed_income,20250630,815.27,3.2,4.8,7.99
华安基金,fof,20241231,54.49,0,0,0
华安基金,fof,20250331,55.34,0,0,0
华安基金,fof,20250630,56.18,0.27,0.27,1.15
华安基金,passive_equity_etf_with_link,20241231,778.34,0,0,0
华安基金,passive_equity_etf_with_link,20250331,836.72,0,0,0
华安基金,passive_equity_etf_with_link,20250630,895.1,23.35,35.03,58.38
华安基金,passive_equity_etf_no_link,20241231,708.79,0,0,0
华安基金,passive_equity_etf_no_link,20250331,722.96,0,0,0
华安基金,passive_equity_etf_no_link,20250630,737.14,5.67,8.51,14.18
华泰柏瑞基金,active_equity,20241231,476.73,0,0,0
华泰柏瑞基金,active_equity,20250331,533.94,0,0,0
华泰柏瑞基金,active_equity,20250630,591.14,22.88,34.32,57.21
华泰柏瑞基金,passive_equity,20241231,554.2,0,0,0
华泰柏瑞基金,passive_equity,20250331,543.11,0,0,0
华泰柏瑞基金,passive_equity,20250630,532.03,0,-6.65,-15.52
华泰柏瑞基金,fixed_income_plus,20241231,1818.9,0,0,0
华泰柏瑞基金,fixed_income_plus,20250331,1973.51,0,0,0
华泰柏瑞基金,fixed_income_plus,20250630,2128.11,61.84,92.76,154.61
华泰柏瑞基金,fixed_income,20241231,1390.92,0,0,0
华泰柏瑞基金,fixed_income,20250331,1286.61,0,0,0
华泰柏瑞基金,fixed_income,20250630,1182.29,0,-62.59,-146.05
华泰柏瑞基金,fof,20241231,121.35,0,0,0
华泰柏瑞基金,fof,20250331,116.85,0,0,0
华泰柏瑞基金,fof,20250630,112.36,-2.25,-2.07,-4.67
华泰柏瑞基金,passive_equity_etf_with_link,20241231,4705.0,0,0,0
华泰柏瑞基金,passive_equity_etf_with_link,20250331,4852.5,0,0,0
华泰柏瑞基金,passive_equity_etf_with_link,20250630,5000.0,30,96,168
华泰柏瑞基金,passive_equity_etf_no_link,20241231,344.83,0,0,0
华泰柏瑞基金,passive_equity_etf_no_link,20250331,358.63,0,0,0
华泰柏瑞基金,passive_equity_etf_no_link,20250630,372.42,5.52,8.28,13.79
兴证全球基金,active_equity,20241231,1174.0,0,0,0
兴证全球基金,active_equity,20250331,1175.5,0,0,0
兴证全球基金,active_equity,20250630,1177.0,6,47,-51
兴证全球基金,passive_equity,20241231,563.47,0,0,0
兴证全球基金,passive_equity,20250331,552.2,0,0,0
兴证全球基金,passive_equity,20250630,540.93,0,-6.76,-15.78
兴证全球基金,fixed_income_plus,20241231,416.1,0,0,0
兴证全球基金,fixed_income_plus,20250331,424.43,0,0,0
兴证全球基金,fixed_income_plus,20250630,432.75,3.33,4.99,8.32
兴证全球基金,fixed_income,20241231,641.31,0,0,0
兴证全球基金,fixed_income,20250331,631.69,0,0,0
兴证全球基金,fixed_income,20250630,622.07,0,-5.77,-13.47
兴证全球基金,fof,20241231,153.0,0,0,0
兴证全球基金,fof,20250331,148.0,0,0,0
兴证全球基金,fof,20250630,143.0,8,7,-25
兴证全球基金,passive_equity_etf_with_link,20241231,414.23,0,0,0
兴证全球基金,passive_equity_etf_with_link,20250331,437.01,0,0,0
兴证全球基金,passive_equity_etf_with_link,20250630,459.79,9.11,13.67,22.78
兴证全球基金,passive_equity_etf_no_link,20241231,341.13,0,0,0
兴证全球基金,passive_equity_etf_no_link,20250331,359.89,0,0,0
兴证全球基金,passive_equity_etf_no_link,20250630,378.65,7.5,11.26,18.76
中银基金,active_equity,20241231,595.49,0,0,0
中银基金,active_equity,20250331,634.2,0,0,0
中银基金,active_equity,20250630,672.9,15.48,23.22,38.71
中银基金,passive_equity,20241231,553.72,0,0,0
中银基金,passive_equity,20250331,598.02,0,0,0
中银基金,passive_equity,20250630,642.32,17.72,26.58,44.3
中银基金,fixed_income_plus,20241231,378.39,0,0,0
中银基金,fixed_income_plus,20250331,372.71,0,0,0
中银基金,fixed_income_plus,20250630,367.04,0,-3.41,-7.95
中银基金,fixed_income,20241231,2649.0,0,0,0
中银基金,fixed_income,20250331,2532.5,0,0,0
中银基金,fixed_income,20250630,2416.0,0,13,-247
中银基金,fof,20241231,44.04,0,0,0
中银基金,fof,20250331,44.49,0,0,0
中银基金,fof,20250630,44.94,0.13,0.14,0.63
中银基金,passive_equity_etf_with_link,20241231,593.45,0,0,0
中银基金,passive_equity_etf_with_link,20250331,569.71,0,0,0
中银基金,passive_equity_etf_with_link,20250630,545.97,0,-14.24,-33.23
中银基金,passive_equity_etf_no_link,20241231,483.46,0,0,0
中银基金,passive_equity_etf_no_link,20250331,466.54,0,0,0
中银基金,passive_equity_etf_no_link,20250630,449.62,0,-10.15,-23.69
平安基金,active_equity,20241231,614.92,0,0,0
平安基金,active_equity,20250331,685.63,0,0,0
平安基金,active_equity,20250630,756.35,28.29,42.43,70.72
平安基金,passive_equity,20241231,597.9,0,0,0
平安基金,passive_equity,20250331,562.03,0,0,0
平安基金,passive_equity,20250630,526.15,0,-21.52,-50.22
平安基金,fixed_income_plus,20241231,464.25,0,0,0
平安基金,fixed_income_plus,20250331,429.43,0,0,0
平安基金,fixed_income_plus,20250630,394.62,0,-20.89,-48.75
平安基金,fixed_income,20241231,376.8,0,0,0
平安基金,fixed_income,20250331,369.27,0,0,0
平安基金,fixed_income,20250630,361.73,0,-4.52,-10.55
平安基金,fof,20241231,44.0,0,0,0
平安基金,fof,20250331,48.5,0,0,0
平安基金,fof,20250630,53.0,25,1,-17
平安基金,passive_equity_etf_with_link,20241231,526.15,0,0,0
平安基金,passive_equity_etf_with_link,20250331,486.69,0,0,0
平安基金,passive_equity_etf_with_link,20250630,447.23,0,-23.68,-55.25
平安基金,passive_equity_etf_no_link,20241231,428.26,0,0,0
平安基金,passive_equity_etf_no_link,20250331,398.29,0,0,0
平安基金,passive_equity_etf_no_link,20250630,368.31,0,-17.99,-41.97
景顺长城基金,active_equity,20241231,1421.0,0,0,0
景顺长城基金,active_equity,20250331,1380.5,0,0,0
景顺长城基金,active_equity,20250630,1340.0,27,51,-159
景顺长城基金,passive_equity,20241231,306.33,0,0,0
景顺长城基金,passive_equity,20250331,330.84,0,0,0
景顺长城基金,passive_equity,20250630,355.34,9.8,14.7,24.51
景顺长城基金,fixed_income_plus,20241231,1384.46,0,0,0
景顺长城基金,fixed_income_plus,20250331,1529.83,0,0,0
景顺长城基金,fixed_income_plus,20250630,1675.19,58.15,87.22,145.37
景顺长城基金,fixed_income,20241231,628.0,0,0,0
景顺长城基金,fixed_income,20250331,618.58,0,0,0
景顺长城基金,fixed_income,20250630,609.16,0,-5.65,-13.19
景顺长城基金,fof,20241231,68.92,0,0,0
景顺长城基金,fof,20250331,71.91,0,0,0
景顺长城基金,fof,20250630,74.91,1.56,0.96,3.47
景顺长城基金,passive_equity_etf_with_link,20241231,293.25,0,0,0
景顺长城基金,passive_equity_etf_with_link,20250331,297.64,0,0,0
景顺长城基金,passive_equity_etf_with_link,20250630,302.04,1.76,2.64,4.4
景顺长城基金,passive_equity_etf_no_link,20241231,241.5,0,0,0
景顺长城基金,passive_equity_etf_no_link,20250331,245.12,0,0,0
景顺长城基金,passive_equity_etf_no_link,20250630,248.74,1.45,2.17,3.62
中欧基金,passive_equity,20241231,107.37,0,0,0
中欧基金,passive_equity,20250331,104.68,0,0,0
中欧基金,passive_equity,20250630,102,0,-1.61,-3.76
中欧基金,fixed_income_plus,20241231,307.0,0,0,0
中欧基金,fixed_income_plus,20250331,433.0,0,0,0
中欧基金,fixed_income_plus,20250630,559.0,49,10,192
中欧基金,fixed_income,20241231,989.29,0,0,0
中欧基金,fixed_income,20250331,1048.64,0,0,0
中欧基金,fixed_income,20250630,1108,23.74,35.61,59.36
中欧基金,fof,20241231,103.0,0,0,0
中欧基金,fof,20250331,117.5,0,0,0
中欧基金,fof,20250630,132.0,5,3,21
中欧基金,passive_equity_etf_with_link,20241231,91.95,0,0,0
中欧基金,passive_equity_etf_with_link,20250331,85.98,0,0,0
中欧基金,passive_equity_etf_with_link,20250630,80,0,-3.59,-8.37
中欧基金,passive_equity_etf_no_link,20241231,48.78,0,0,0
中欧基金,passive_equity_etf_no_link,20250331,54.39,0,0,0
中欧基金,passive_equity_etf_no_link,20250630,60,2.24,3.37,5.61
银华基金,passive_equity,20241231,463.46,0,0,0
银华基金,passive_equity,20250331,472.73,0,0,0
银华基金,passive_equity,20250630,482,3.71,5.56,9.27
银华基金,fixed_income_plus,20241231,27.0,0,0,0
银华基金,fixed_income_plus,20250331,41.0,0,0,0
银华基金,fixed_income_plus,20250630,55.0,0,1,29
银华基金,fixed_income,20241231,1187.0,0,0,0
银华基金,fixed_income,20250331,1154.5,0,0,0
银华基金,fixed_income,20250630,1122.0,7,9,-80
银华基金,fof,20241231,17.0,0,0,0
银华基金,fof,20250331,20.5,0,0,0
银华基金,fof,20250630,24.0,14,1,-7
银华基金,passive_equity_etf_with_link,20241231,420.0,0,0,0
银华基金,passive_equity_etf_with_link,20250331,415.5,0,0,0
银华基金,passive_equity_etf_with_link,20250630,411.0,11,25,-45
银华基金,passive_equity_etf_no_link,20241231,399.0,0,0,0
银华基金,passive_equity_etf_no_link,20250331,381.5,0,0,0
银华基金,passive_equity_etf_no_link,20250630,364.0,11,24,-71
永赢基金,passive_equity,20241231,162.92,0,0,0
永赢基金,passive_equity,20250331,153.96,0,0,0
永赢基金,passive_equity,20250630,145,0,-5.38,-12.54
永赢基金,fixed_income_plus,20241231,354.35,0,0,0
永赢基金,fixed_income_plus,20250331,340.17,0,0,0
永赢基金,fixed_income_plus,20250630,326,0,-8.5,-19.84
永赢基金,fixed_income,20241231,3074.0,0,0,0
永赢基金,fixed_income,20250331,2884.5,0,0,0
永赢基金,fixed_income,20250630,2695.0,0,18,-401
永赢基金,fof,20241231,15.04,0,0,0
永赢基金,fof,20250331,15.01,0,0,0
永赢基金,fof,20250630,14.98,0.0,-0.02,-0.04
永赢基金,passive_equity_etf_with_link,20241231,85.96,0,0,0
永赢基金,passive_equity_etf_with_link,20250331,91.98,0,0,0
永赢基金,passive_equity_etf_with_link,20250630,98,2.41,3.61,6.02
永赢基金,passive_equity_etf_no_link,20241231,95.6,0,0,0
永赢基金,passive_equity_etf_no_link,20250331,91.3,0,0,0
永赢基金,passive_equity_etf_no_link,20250630,87,0,-2.58,-6.02
万家基金,active_equity,20241231,221.43,0,0,0
万家基金,active_equity,20250331,232.5,0,0,0
万家基金,active_equity,20250630,243.57,4.43,6.64,11.07
万家基金,passive_equity,20241231,198.4,0,0,0
万家基金,passive_equity,20250331,212.28,0,0,0
万家基金,passive_equity,20250630,226.17,5.56,8.33,13.89
万家基金,fixed_income_plus,20241231,311.33,0,0,0
万家基金,fixed_income_plus,20250331,303.54,0,0,0
万家基金,fixed_income_plus,20250630,295.76,0,-4.67,-10.9
万家基金,fixed_income,20241231,327.49,0,0,0
万家基金,fixed_income,20250331,302.93,0,0,0
万家基金,fixed_income,20250630,278.36,0,-14.74,-34.39
万家基金,fof,20241231,25.72,0,0,0
万家基金,fof,20250331,25.34,0,0,0
万家基金,fof,20250630,24.97,-0.11,-0.25,-0.39
万家基金,passive_equity_etf_with_link,20241231,167.17,0,0,0
万家基金,passive_equity_etf_with_link,20250331,179.71,0,0,0
万家基金,passive_equity_etf_with_link,20250630,192.24,5.02,7.52,12.54
万家基金,passive_equity_etf_no_link,20241231,173.98,0,0,0
万家基金,passive_equity_etf_no_link,20250331,166.15,0,0,0
万家基金,passive_equity_etf_no_link,20250630,158.32,0,-4.7,-10.96
交银施罗德基金,active_equity,20241231,901.0,0,0,0
交银施罗德基金,active_equity,20250331,884.5,0,0,0
交银施罗德基金,active_equity,20250630,868.0,15,63,-112
交银施罗德基金,passive_equity,20241231,187.23,0,0,0
交银施罗德基金,passive_equity,20250331,209.7,0,0,0
交银施罗德基金,passive_equity,20250630,232.16,8.99,13.48,22.47
交银施罗德基金,fixed_income_plus,20241231,437.22,0,0,0
交银施罗德基金,fixed_income_plus,20250331,476.57,0,0,0
交银施罗德基金,fixed_income_plus,20250630,515.92,15.74,23.61,39.35
交银施罗德基金,fixed_income,20241231,766.91,0,0,0
交银施罗德基金,fixed_income,20250331,809.09,0,0,0
交银施罗德基金,fixed_income,20250630,851.27,16.87,25.31,42.18
交银施罗德基金,fof,20241231,83.0,0,0,0
交银施罗德基金,fof,20250331,73.5,0,0,0
交银施罗德基金,fof,20250630,64.0,0,3,-22
交银施罗德基金,passive_equity_etf_with_link,20241231,171.6,0,0,0
交银施罗德基金,passive_equity_etf_with_link,20250331,184.47,0,0,0
交银施罗德基金,passive_equity_etf_with_link,20250630,197.34,5.15,7.72,12.87
交银施罗德基金,passive_equity_etf_no_link,20241231,135.43,0,0,0
交银施罗德基金,passive_equity_etf_no_link,20250331,148.97,0,0,0
交银施罗德基金,passive_equity_etf_no_link,20250630,162.51,5.42,8.13,13.54
兴业基金,active_equity,20241231,96.15,0,0,0
兴业基金,active_equity,20250331,98.08,0,0,0
兴业基金,active_equity,20250630,100,0.77,1.15,1.92
兴业基金,passive_equity,20241231,27.47,0,0,0
兴业基金,passive_equity,20250331,26.24,0,0,0
兴业基金,passive_equity,20250630,25,0,-0.74,-1.73
兴业基金,fixed_income_plus,20241231,363.53,0,0,0
兴业基金,fixed_income_plus,20250331,336.26,0,0,0
兴业基金,fixed_income_plus,20250630,309,0,-16.36,-38.17
兴业基金,fixed_income,20241231,1940.0,0,0,0
兴业基金,fixed_income,20250331,2122.5,0,0,0
兴业基金,fixed_income,20250630,2305.0,0,14,349
兴业基金,fof,20241231,14.08,0,0,0
兴业基金,fof,20250331,14.07,0,0,0
兴业基金,fof,20250630,14.05,0.0,-0.01,-0.02
兴业基金,passive_equity_etf_with_link,20241231,18.35,0,0,0
兴业基金,passive_equity_etf_with_link,20250331,19.17,0,0,0
兴业基金,passive_equity_etf_with_link,20250630,20,0.33,0.5,0.83
兴业基金,passive_equity_etf_no_link,20241231,12.1,0,0,0
兴业基金,passive_equity_etf_no_link,20250331,13.55,0,0,0
兴业基金,passive_equity_etf_no_link,20250630,15,0.58,0.87,1.45
大成基金,active_equity,20241231,762.0,0,0,0
大成基金,active_equity,20250331,809.5,0,0,0
大成基金,active_equity,20250630,857.0,27,46,21
大成基金,passive_equity,20241231,284.56,0,0,0
大成基金,passive_equity,20250331,270.33,0,0,0
大成基金,passive_equity,20250630,256.1,0,-8.54,-19.92
大成基金,fixed_income_plus,20241231,598.04,0,0,0
大成基金,fixed_income_plus,20250331,571.12,0,0,0
大成基金,fixed_income_plus,20250630,544.21,0,-16.15,-37.68
大成基金,fixed_income,20241231,646.41,0,0,0
大成基金,fixed_income,20250331,659.33,0,0,0
大成基金,fixed_income,20250630,672.26,5.17,7.76,12.93
大成基金,fof,20241231,-1.14,0,0,0
大成基金,fof,20250331,15.48,0,0,0
大成基金,fof,20250630,32.1,6.65,9.97,16.62
大成基金,passive_equity_etf_with_link,20241231,179.9,0,0,0
大成基金,passive_equity_etf_with_link,20250331,198.79,0,0,0
大成基金,passive_equity_etf_with_link,20250630,217.69,7.56,11.33,18.89
大成基金,passive_equity_etf_no_link,20241231,164.47,0,0,0
大成基金,passive_equity_etf_no_link,20250331,171.87,0,0,0
大成基金,passive_equity_etf_no_link,20250630,179.27,2.96,4.44,7.4
浦银安盛基金,active_equity,20241231,190.16,0,0,0
浦银安盛基金,active_equity,20250331,204.42,0,0,0
浦银安盛基金,active_equity,20250630,218.68,5.7,8.56,14.26
浦银安盛基金,passive_equity,20241231,198.8,0,0,0
浦银安盛基金,passive_equity,20250331,208.74,0,0,0
浦银安盛基金,passive_equity,20250630,218.68,3.98,5.96,9.94
浦银安盛基金,fixed_income_plus,20241231,431.71,0,0,0
浦银安盛基金,fixed_income_plus,20250331,459.77,0,0,0
浦银安盛基金,fixed_income_plus,20250630,487.83,11.22,16.84,28.06
浦银安盛基金,fixed_income,20241231,566.12,0,0,0
浦银安盛基金,fixed_income,20250331,577.44,0,0,0
浦银安盛基金,fixed_income,20250630,588.76,4.53,6.79,11.32
浦银安盛基金,fof,20241231,36.52,0,0,0
浦银安盛基金,fof,20250331,28.47,0,0,0
浦银安盛基金,fof,20250630,20.43,0.0,-4.83,-11.26
浦银安盛基金,passive_equity_etf_with_link,20241231,160.24,0,0,0
浦银安盛基金,passive_equity_etf_with_link,20250331,173.06,0,0,0
浦银安盛基金,passive_equity_etf_with_link,20250630,185.88,5.13,7.69,12.82
浦银安盛基金,passive_equity_etf_no_link,20241231,123.45,0,0,0
浦银安盛基金,passive_equity_etf_no_link,20250331,138.26,0,0,0
浦银安盛基金,passive_equity_etf_no_link,20250630,153.08,5.93,8.89,14.81
华宝基金,active_equity,20241231,450.26,0,0,0
华宝基金,active_equity,20250331,436.76,0,0,0
华宝基金,active_equity,20250630,423.25,0,-8.1,-18.91
华宝基金,passive_equity,20241231,530.51,0,0,0
华宝基金,passive_equity,20250331,559.69,0,0,0
华宝基金,passive_equity,20250630,588.87,11.67,17.51,29.18
华宝基金,fixed_income_plus,20241231,170.1,0,0,0
华宝基金,fixed_income_plus,20250331,186.26,0,0,0
华宝基金,fixed_income_plus,20250630,202.42,6.46,9.7,16.16
华宝基金,fixed_income,20241231,460.05,0,0,0
华宝基金,fixed_income,20250331,450.85,0,0,0
华宝基金,fixed_income,20250630,441.65,0,-5.52,-12.88
华宝基金,fof,20241231,16.2,0,0,0
华宝基金,fof,20250331,17.46,0,0,0
华宝基金,fof,20250630,18.73,0.51,0.76,1.26
华宝基金,passive_equity_etf_with_link,20241231,476.7,0,0,0
华宝基金,passive_equity_etf_with_link,20250331,488.62,0,0,0
华宝基金,passive_equity_etf_with_link,20250630,500.54,4.77,7.15,11.92
华宝基金,passive_equity_etf_no_link,20241231,385.24,0,0,0
华宝基金,passive_equity_etf_no_link,20250331,398.72,0,0,0
华宝基金,passive_equity_etf_no_link,20250630,412.21,5.39,8.09,13.48
长城基金,active_equity,20241231,199.17,0,0,0
长城基金,active_equity,20250331,202.16,0,0,0
长城基金,active_equity,20250630,205.15,1.2,1.79,2.99
长城基金,passive_equity,20241231,191.95,0,0,0
长城基金,passive_equity,20250331,205.39,0,0,0
长城基金,passive_equity,20250630,218.82,5.37,8.06,13.44
长城基金,fixed_income_plus,20241231,398.34,0,0,0
长城基金,fixed_income_plus,20250331,404.32,0,0,0
长城基金,fixed_income_plus,20250630,410.29,2.39,3.59,5.98
长城基金,fixed_income,20241231,387.3,0,0,0
长城基金,fixed_income,20250331,412.47,0,0,0
长城基金,fixed_income,20250630,437.65,10.07,15.1,25.17
长城基金,fof,20241231,37.33,0,0,0
长城基金,fof,20250331,27.31,0,0,0
长城基金,fof,20250630,17.29,0.0,-6.01,-14.03
长城基金,passive_equity_etf_with_link,20241231,186.0,0,0,0
长城基金,passive_equity_etf_with_link,20250331,186.0,0,0,0
长城基金,passive_equity_etf_with_link,20250630,186.0,0.0,0.0,0.0
长城基金,passive_equity_etf_no_link,20241231,176.06,0,0,0
长城基金,passive_equity_etf_no_link,20250331,164.62,0,0,0
长城基金,passive_equity_etf_no_link,20250630,153.18,0,-6.87,-16.02
